cohort,order_month,active_users,total_orders,total_revenue
Jan-19,Jan-19,15,25,1201.000006
Jan-19,Feb-19,25,32,2987.91
Jan-19,Mar-19,34,45,3221.240005
Jan-19,Apr-19,32,43,2369.030004
Jan-19,May-19,26,35,1858.420017
Jan-19,Jun-19,32,47,3038.8
Jan-19,Jul-19,46,75,6088.560006
Jan-19,Aug-19,30,44,3056.979999
Jan-19,Sep-19,24,38,2219.889999
Jan-19,Oct-19,27,36,2025.579996
Jan-19,Nov-19,31,48,2577.82001
Jan-19,Dec-19,23,30,1232.949998
Jan-19,Jan-20,25,34,1942.230016
Jan-19,Feb-20,19,34,1569.63
Jan-19,Mar-20,28,41,2154.470016
Jan-19,Apr-20,28,37,2011.099994
Jan-19,May-20,26,34,2489.110003
Jan-19,Jun-20,35,55,2670.200009
Jan-19,Jul-20,42,65,3337.279991
Jan-19,Aug-20,33,45,2490.349999
Jan-19,Sep-20,38,58,3346.639998
Jan-19,Oct-20,22,32,2012.090002
Jan-19,Nov-20,32,44,3140.159986
Jan-19,Dec-20,39,54,2433.80001
Jan-19,Jan-21,36,47,2681.690022
Jan-19,Feb-21,23,30,1485.619996
Jan-19,Mar-21,23,38,1875.130016
Jan-19,Apr-21,35,50,2748.340008
Jan-19,May-21,24,34,2219.009995
Jan-19,Jun-21,27,34,2420.250007
Jan-19,Jul-21,25,41,2811.789998
Jan-19,Aug-21,27,44,2086.060003
Jan-19,Sep-21,29,34,1411.650002
Jan-19,Oct-21,30,44,3041.190012
Jan-19,Nov-21,28,37,2220.719992
Jan-19,Dec-21,26,35,2646.300003
Jan-19,Jan-22,34,46,2489.659998
Jan-19,Feb-22,33,50,3381.149986
Jan-19,Mar-22,31,41,3055.179996
Jan-19,Apr-22,31,51,3338.390012
Jan-19,May-22,26,33,1720.660007
Jan-19,Jun-22,34,57,2728.160017
Jan-19,Jul-22,26,36,2225.210007
Jan-19,Aug-22,37,57,2845.030003
Jan-19,Sep-22,30,39,1877.400008
Jan-19,Oct-22,26,39,2180.759991
Jan-19,Nov-22,38,49,3839.360009
Jan-19,Dec-22,21,32,2086.949991
Jan-19,Jan-23,37,50,2604.500006
Jan-19,Feb-23,25,33,2523.699995
Jan-19,Mar-23,37,51,2637.310007
Jan-19,Apr-23,23,33,1698.170002
Jan-19,May-23,29,41,2150.430005
Jan-19,Jun-23,22,34,1800.439999
Jan-19,Jul-23,38,61,2985.680012
Jan-19,Aug-23,35,57,3475.610008
Jan-19,Sep-23,36,47,2958.09
Jan-19,Oct-23,36,47,2226.110014
Jan-19,Nov-23,30,39,2219.869986
Jan-19,Dec-23,32,43,2209.969997
Jan-19,Jan-24,36,45,2812.060001
Jan-19,Feb-24,24,37,1856.86001
Jan-19,Mar-24,15,16,1082.899988
Feb-19,Feb-19,9,9,558.1200047
Feb-19,Mar-19,29,41,2271.019997
Feb-19,Apr-19,27,43,1961.109997
Feb-19,May-19,24,34,2285.390005
Feb-19,Jun-19,21,28,2213.870008
Feb-19,Jul-19,27,37,1562.130017
Feb-19,Aug-19,37,54,2696.690001
Feb-19,Sep-19,32,41,4379.810007
Feb-19,Oct-19,26,39,2217.889999
Feb-19,Nov-19,25,36,2112.600012
Feb-19,Dec-19,25,41,2695.06001
Feb-19,Jan-20,25,42,3273.210001
Feb-19,Feb-20,20,26,2221.14
Feb-19,Mar-20,25,46,2358.749996
Feb-19,Apr-20,29,48,4279.250001
Feb-19,May-20,29,42,2148.850003
Feb-19,Jun-20,28,33,2131.790002
Feb-19,Jul-20,34,44,2325.419996
Feb-19,Aug-20,32,44,2447.680002
Feb-19,Sep-20,21,27,1549.440001
Feb-19,Oct-20,25,33,3008.360004
Feb-19,Nov-20,22,35,1720.94001
Feb-19,Dec-20,21,28,1596.540005
Feb-19,Jan-21,38,55,4024.600008
Feb-19,Feb-21,27,34,2540.750014
Feb-19,Mar-21,28,43,3152.220002
Feb-19,Apr-21,31,51,3034.520012
Feb-19,May-21,31,45,3376.570002
Feb-19,Jun-21,25,41,2305.229995
Feb-19,Jul-21,25,32,1656.810009
Feb-19,Aug-21,23,33,2194.010002
Feb-19,Sep-21,25,47,3225.960017
Feb-19,Oct-21,33,43,2624.229997
Feb-19,Nov-21,21,28,1337.289991
Feb-19,Dec-21,27,40,2144.989987
Feb-19,Jan-22,32,45,2253.010011
Feb-19,Feb-22,28,43,1868.500011
Feb-19,Mar-22,35,53,2896.420002
Feb-19,Apr-22,19,25,1744.179997
Feb-19,May-22,27,41,2548.009997
Feb-19,Jun-22,32,47,2720.160008
Feb-19,Jul-22,34,65,3713.300014
Feb-19,Aug-22,30,47,2313.019999
Feb-19,Sep-22,29,38,2776.210013
Feb-19,Oct-22,41,64,4115.480001
Feb-19,Nov-22,35,48,3194.660021
Feb-19,Dec-22,18,22,992.6800117
Feb-19,Jan-23,21,32,2735.479972
Feb-19,Feb-23,28,40,2787.250009
Feb-19,Mar-23,27,33,1841.850008
Feb-19,Apr-23,32,46,3431.649996
Feb-19,May-23,28,37,2634.130014
Feb-19,Jun-23,32,47,2954.880006
Feb-19,Jul-23,34,47,3524.19
Feb-19,Aug-23,37,52,3513.680003
Feb-19,Sep-23,24,38,2662.220002
Feb-19,Oct-23,29,40,2026.490007
Feb-19,Nov-23,22,29,1593.990006
Feb-19,Dec-23,29,42,2298.159999
Feb-19,Jan-24,32,40,2579.910012
Feb-19,Feb-24,21,24,1851.200004
Feb-19,Mar-24,10,14,958.130002
Mar-19,Mar-19,13,20,1553.090008
Mar-19,Apr-19,38,50,2404.180003
Mar-19,May-19,41,52,3297.060014
Mar-19,Jun-19,29,39,1305.130001
Mar-19,Jul-19,35,50,3371.459991
Mar-19,Aug-19,41,62,4726.310009
Mar-19,Sep-19,35,53,3528.090008
Mar-19,Oct-19,30,48,2733.269993
Mar-19,Nov-19,33,51,3888.239994
Mar-19,Dec-19,35,45,3136.770015
Mar-19,Jan-20,37,54,3499.280011
Mar-19,Feb-20,21,31,2057.000005
Mar-19,Mar-20,29,51,3550.53001
Mar-19,Apr-20,38,60,3885.240005
Mar-19,May-20,34,39,3099.880002
Mar-19,Jun-20,33,52,2922.810019
Mar-19,Jul-20,21,31,1578.950004
Mar-19,Aug-20,33,46,3146.529985
Mar-19,Sep-20,39,54,2979.430007
Mar-19,Oct-20,32,52,2669.809991
Mar-19,Nov-20,29,34,2419.789993
Mar-19,Dec-20,31,44,2500.700004
Mar-19,Jan-21,29,41,2885.669999
Mar-19,Feb-21,26,40,2604.399995
Mar-19,Mar-21,38,64,3664.770001
Mar-19,Apr-21,42,58,3402.430013
Mar-19,May-21,34,44,2921.810001
Mar-19,Jun-21,38,60,3072.100018
Mar-19,Jul-21,33,49,3142.950006
Mar-19,Aug-21,28,46,2505.06
Mar-19,Sep-21,30,42,2338.570003
Mar-19,Oct-21,34,45,2871.920008
Mar-19,Nov-21,36,62,3248.599998
Mar-19,Dec-21,28,46,2990.189996
Mar-19,Jan-22,35,53,3766.350003
Mar-19,Feb-22,42,59,3990.640002
Mar-19,Mar-22,32,50,2793.030025
Mar-19,Apr-22,35,61,4904.349988
Mar-19,May-22,32,46,2393.009996
Mar-19,Jun-22,33,49,2963.689997
Mar-19,Jul-22,35,53,3484.619996
Mar-19,Aug-22,31,41,1940.77001
Mar-19,Sep-22,30,43,2463.660001
Mar-19,Oct-22,41,66,4003.210006
Mar-19,Nov-22,38,57,3164.21999
Mar-19,Dec-22,38,52,2700.549994
Mar-19,Jan-23,31,46,3056.81001
Mar-19,Feb-23,27,39,2187.180003
Mar-19,Mar-23,31,39,2795.029997
Mar-19,Apr-23,25,45,2066.210007
Mar-19,May-23,37,51,2333.930008
Mar-19,Jun-23,29,46,2767.7
Mar-19,Jul-23,30,47,2576.009998
Mar-19,Aug-23,32,50,3440.450004
Mar-19,Sep-23,31,42,2796.739993
Mar-19,Oct-23,30,41,1840.12
Mar-19,Nov-23,24,32,2547.229994
Mar-19,Dec-23,35,54,3231.760002
Mar-19,Jan-24,36,55,3055.660016
Mar-19,Feb-24,34,44,2057.12
Mar-19,Mar-24,17,31,1883.379998
Apr-19,Apr-19,17,21,1042.669997
Apr-19,May-19,34,56,3960.440004
Apr-19,Jun-19,27,39,3281.75
Apr-19,Jul-19,42,70,3914.980004
Apr-19,Aug-19,35,45,2926.980011
Apr-19,Sep-19,27,37,2310.400002
Apr-19,Oct-19,41,57,4435.940001
Apr-19,Nov-19,35,59,3761.070002
Apr-19,Dec-19,37,55,2418.430008
Apr-19,Jan-20,46,69,4196.509993
Apr-19,Feb-20,35,56,3693.940005
Apr-19,Mar-20,35,61,3396.990009
Apr-19,Apr-20,28,38,2717.130004
Apr-19,May-20,28,43,3078.410003
Apr-19,Jun-20,27,43,2178.100003
Apr-19,Jul-20,34,50,2880.780001
Apr-19,Aug-20,31,44,2894.790012
Apr-19,Sep-20,34,44,2696.030006
Apr-19,Oct-20,36,56,2983.639999
Apr-19,Nov-20,33,45,3192.240003
Apr-19,Dec-20,30,46,2875.399992
Apr-19,Jan-21,42,64,4445.569987
Apr-19,Feb-21,31,45,2772.350014
Apr-19,Mar-21,26,37,2882.799995
Apr-19,Apr-21,37,60,3461.050003
Apr-19,May-21,34,39,2097.050004
Apr-19,Jun-21,34,51,3480.289992
Apr-19,Jul-21,32,43,3075.89998
Apr-19,Aug-21,33,45,2079.459991
Apr-19,Sep-21,29,37,1873.400006
Apr-19,Oct-21,36,56,3550.499978
Apr-19,Nov-21,31,48,3704.569985
Apr-19,Dec-21,36,51,2956.369994
Apr-19,Jan-22,32,49,2749.339991
Apr-19,Feb-22,14,19,1090.100004
Apr-19,Mar-22,24,31,1553.480008
Apr-19,Apr-22,40,57,3003.600007
Apr-19,May-22,45,64,3116.629995
Apr-19,Jun-22,31,46,2435.780005
Apr-19,Jul-22,25,33,2102.700005
Apr-19,Aug-22,36,59,3418.909996
Apr-19,Sep-22,41,52,3854.819981
Apr-19,Oct-22,33,51,3224.33
Apr-19,Nov-22,32,46,2390.199993
Apr-19,Dec-22,46,71,4070.94999
Apr-19,Jan-23,30,44,2426.070004
Apr-19,Feb-23,36,51,3389.550014
Apr-19,Mar-23,34,52,2992.369989
Apr-19,Apr-23,37,52,3396.429986
Apr-19,May-23,36,49,3410.939989
Apr-19,Jun-23,22,29,1950.900009
Apr-19,Jul-23,42,62,4164.890018
Apr-19,Aug-23,23,34,1603.690012
Apr-19,Sep-23,22,37,2030.989998
Apr-19,Oct-23,32,48,2465.399998
Apr-19,Nov-23,45,67,3367.800003
Apr-19,Dec-23,37,49,2286.570007
Apr-19,Jan-24,37,55,2940.300016
Apr-19,Feb-24,15,22,1205.719995
Apr-19,Mar-24,10,14,660.8300018
May-19,May-19,13,15,837.2900085
May-19,Jun-19,33,42,3160.670006
May-19,Jul-19,36,52,2846.810008
May-19,Aug-19,48,70,3745.940009
May-19,Sep-19,42,65,2942.270012
May-19,Oct-19,36,63,3386.060023
May-19,Nov-19,31,52,3901.179994
May-19,Dec-19,34,55,3444.099998
May-19,Jan-20,25,32,2044.029991
May-19,Feb-20,18,25,1711.469998
May-19,Mar-20,24,37,2305.829995
May-19,Apr-20,38,53,4216.730002
May-19,May-20,35,49,2711.229982
May-19,Jun-20,37,53,2774.329986
May-19,Jul-20,43,59,4567.590005
May-19,Aug-20,42,66,3127.369988
May-19,Sep-20,36,49,3387.909999
May-19,Oct-20,32,46,2456.540002
May-19,Nov-20,22,29,1803.170003
May-19,Dec-20,39,58,3088.759971
May-19,Jan-21,32,53,2810.7
May-19,Feb-21,41,63,3149.310011
May-19,Mar-21,46,68,3300.770025
May-19,Apr-21,25,40,2116.299998
May-19,May-21,38,53,2598.84002
May-19,Jun-21,27,41,2130.360001
May-19,Jul-21,29,41,1989.200022
May-19,Aug-21,32,46,2744.540001
May-19,Sep-21,44,69,4003.08001
May-19,Oct-21,38,51,2611.750011
May-19,Nov-21,45,75,4122.450017
May-19,Dec-21,39,51,2440.659996
May-19,Jan-22,35,59,3343.750003
May-19,Feb-22,36,43,2322.960002
May-19,Mar-22,41,60,3674.210011
May-19,Apr-22,20,25,1629.770005
May-19,May-22,33,48,2719.570007
May-19,Jun-22,35,55,2938.529993
May-19,Jul-22,39,60,3659.020006
May-19,Aug-22,32,42,2818.71999
May-19,Sep-22,23,29,1772.800003
May-19,Oct-22,34,50,3570.59
May-19,Nov-22,32,49,2659.790006
May-19,Dec-22,40,62,3869.710012
May-19,Jan-23,30,47,2168.87001
May-19,Feb-23,41,61,5111.570018
May-19,Mar-23,40,63,3994.279991
May-19,Apr-23,30,42,2304.090002
May-19,May-23,37,56,2924.940003
May-19,Jun-23,33,39,2271.780001
May-19,Jul-23,28,41,2937.58999
May-19,Aug-23,40,63,3675.579986
May-19,Sep-23,44,57,4362.220015
May-19,Oct-23,32,49,3045.909991
May-19,Nov-23,24,33,1822.830006
May-19,Dec-23,40,66,3456.100016
May-19,Jan-24,38,59,3667.190006
May-19,Feb-24,31,56,2700.820022
May-19,Mar-24,9,12,657.5900002
Jun-19,Jun-19,15,29,2052.860002
Jun-19,Jul-19,35,56,2974.390036
Jun-19,Aug-19,26,43,3972.770006
Jun-19,Sep-19,33,57,4734.539992
Jun-19,Oct-19,39,59,3773.390014
Jun-19,Nov-19,22,30,1987.939986
Jun-19,Dec-19,35,50,2915.890011
Jun-19,Jan-20,21,34,2677.150006
Jun-19,Feb-20,40,56,3422.959997
Jun-19,Mar-20,32,45,2124.300001
Jun-19,Apr-20,34,44,2590.840003
Jun-19,May-20,29,47,2974.480013
Jun-19,Jun-20,34,49,2551.899996
Jun-19,Jul-20,31,45,2692.309992
Jun-19,Aug-20,32,46,2674.869996
Jun-19,Sep-20,42,67,3928.770018
Jun-19,Oct-20,41,52,3767.350001
Jun-19,Nov-20,31,44,2288.530007
Jun-19,Dec-20,31,46,2152.599998
Jun-19,Jan-21,38,54,3203.160007
Jun-19,Feb-21,24,35,2233.01
Jun-19,Mar-21,25,39,1940.070005
Jun-19,Apr-21,36,44,4489.850007
Jun-19,May-21,36,53,3503.830004
Jun-19,Jun-21,35,51,3792.710001
Jun-19,Jul-21,36,49,3217.679985
Jun-19,Aug-21,33,57,3834.870015
Jun-19,Sep-21,31,44,2690.120002
Jun-19,Oct-21,35,51,2757.26
Jun-19,Nov-21,27,40,2741.490021
Jun-19,Dec-21,36,52,3630.050019
Jun-19,Jan-22,41,64,3955.339993
Jun-19,Feb-22,38,48,2378.539999
Jun-19,Mar-22,25,36,2633.269991
Jun-19,Apr-22,39,61,3545.220018
Jun-19,May-22,33,42,2496.869988
Jun-19,Jun-22,37,59,3880.290023
Jun-19,Jul-22,32,56,3582.460006
Jun-19,Aug-22,35,54,3362.38998
Jun-19,Sep-22,27,41,2834.310003
Jun-19,Oct-22,36,48,3168.009991
Jun-19,Nov-22,26,35,1984.700006
Jun-19,Dec-22,33,53,3059.09
Jun-19,Jan-23,32,41,2281.939995
Jun-19,Feb-23,30,44,2554.589982
Jun-19,Mar-23,37,57,2936.780005
Jun-19,Apr-23,24,34,2060.950013
Jun-19,May-23,32,47,2811.610008
Jun-19,Jun-23,25,45,3212.889996
Jun-19,Jul-23,42,67,3804.139987
Jun-19,Aug-23,30,48,2309.180005
Jun-19,Sep-23,25,38,1964.849998
Jun-19,Oct-23,29,55,3123.860003
Jun-19,Nov-23,29,41,2687.950006
Jun-19,Dec-23,36,43,2033.499991
Jun-19,Jan-24,30,42,2414.390012
Jun-19,Feb-24,32,43,2211.780004
Jun-19,Mar-24,13,18,868.8600082
Jul-19,Jul-19,25,32,1464.960001
Jul-19,Aug-19,38,55,3132.580008
Jul-19,Sep-19,37,49,2673.419993
Jul-19,Oct-19,38,52,2567.020006
Jul-19,Nov-19,33,43,3123.020001
Jul-19,Dec-19,36,49,3280.100005
Jul-19,Jan-20,43,61,2884.590008
Jul-19,Feb-20,30,46,2445.970005
Jul-19,Mar-20,34,45,2535.890001
Jul-19,Apr-20,45,67,3420.370002
Jul-19,May-20,41,51,3794.980014
Jul-19,Jun-20,35,51,2698.639995
Jul-19,Jul-20,41,59,3236.069993
Jul-19,Aug-20,32,50,2888.389993
Jul-19,Sep-20,43,64,4491.989999
Jul-19,Oct-20,34,45,2968.859985
Jul-19,Nov-20,42,61,3464.140001
Jul-19,Dec-20,36,46,2417.960007
Jul-19,Jan-21,45,71,4103.37001
Jul-19,Feb-21,36,55,3013.920008
Jul-19,Mar-21,43,60,3211.560004
Jul-19,Apr-21,46,63,2985.689991
Jul-19,May-21,50,77,4148.149995
Jul-19,Jun-21,30,42,2508.459999
Jul-19,Jul-21,24,29,1376.760002
Jul-19,Aug-21,40,64,2690.550014
Jul-19,Sep-21,42,68,3618.700003
Jul-19,Oct-21,33,58,3625.480005
Jul-19,Nov-21,37,56,3300.150005
Jul-19,Dec-21,34,48,3162.719989
Jul-19,Jan-22,32,47,2694.899999
Jul-19,Feb-22,27,41,2814.380013
Jul-19,Mar-22,34,51,3043.030005
Jul-19,Apr-22,40,54,3195.51
Jul-19,May-22,38,54,3052.379985
Jul-19,Jun-22,36,55,2711.790009
Jul-19,Jul-22,34,55,3715.599991
Jul-19,Aug-22,33,53,3177.91002
Jul-19,Sep-22,33,48,2700.399997
Jul-19,Oct-22,33,48,3026.859993
Jul-19,Nov-22,46,64,3860.670013
Jul-19,Dec-22,31,45,2146.970003
Jul-19,Jan-23,44,61,3343.140008
Jul-19,Feb-23,27,38,1835.59001
Jul-19,Mar-23,33,49,3210.13
Jul-19,Apr-23,45,66,3623.120003
Jul-19,May-23,34,48,2896.080014
Jul-19,Jun-23,38,54,2828.080009
Jul-19,Jul-23,25,32,2724.54001
Jul-19,Aug-23,31,49,3647.82999
Jul-19,Sep-23,39,53,2934.739994
Jul-19,Oct-23,32,46,2134.98
Jul-19,Nov-23,36,54,3647.599987
Jul-19,Dec-23,42,56,2909.339993
Jul-19,Jan-24,36,49,2541.800004
Jul-19,Feb-24,36,58,3550.950009
Jul-19,Mar-24,13,16,1414.890003
Aug-19,Aug-19,22,27,1438.620005
Aug-19,Sep-19,45,73,4103.279999
Aug-19,Oct-19,36,57,3043.810004
Aug-19,Nov-19,42,60,3686.210017
Aug-19,Dec-19,52,81,5122.169996
Aug-19,Jan-20,36,52,2605.679997
Aug-19,Feb-20,40,61,3458.099998
Aug-19,Mar-20,36,51,2417.05001
Aug-19,Apr-20,38,55,2776.559997
Aug-19,May-20,38,47,3531.820007
Aug-19,Jun-20,26,38,2228.560013
Aug-19,Jul-20,34,44,2117.069983
Aug-19,Aug-20,37,58,2768.630012
Aug-19,Sep-20,32,48,3736.480024
Aug-19,Oct-20,40,63,3660.880001
Aug-19,Nov-20,45,62,3872.980009
Aug-19,Dec-20,38,52,3024.040006
Aug-19,Jan-21,32,40,2846.53001
Aug-19,Feb-21,43,65,3191.720017
Aug-19,Mar-21,40,48,2778.869997
Aug-19,Apr-21,25,28,1182.760001
Aug-19,May-21,37,62,3718.429999
Aug-19,Jun-21,46,64,4621.840006
Aug-19,Jul-21,40,61,4042.660024
Aug-19,Aug-21,24,36,2321.729997
Aug-19,Sep-21,38,46,2752.68999
Aug-19,Oct-21,48,72,3951.980008
Aug-19,Nov-21,42,68,3620.199993
Aug-19,Dec-21,37,51,2510.470013
Aug-19,Jan-22,39,60,3528.720014
Aug-19,Feb-22,36,51,3053.360003
Aug-19,Mar-22,35,49,2616.879991
Aug-19,Apr-22,40,62,3284.009994
Aug-19,May-22,36,51,3321.159995
Aug-19,Jun-22,34,62,4303.150003
Aug-19,Jul-22,43,56,3574.090001
Aug-19,Aug-22,38,53,3217.640008
Aug-19,Sep-22,32,45,2735.860019
Aug-19,Oct-22,41,54,3702.700007
Aug-19,Nov-22,40,53,3074.960004
Aug-19,Dec-22,44,74,4508.960023
Aug-19,Jan-23,32,50,2809.430016
Aug-19,Feb-23,37,64,6070.060001
Aug-19,Mar-23,34,50,3255.680004
Aug-19,Apr-23,40,54,3370.950005
Aug-19,May-23,45,67,3723.819992
Aug-19,Jun-23,42,67,4035.390015
Aug-19,Jul-23,38,60,4238.17999
Aug-19,Aug-23,37,46,4012.40998
Aug-19,Sep-23,32,43,2889.500007
Aug-19,Oct-23,37,57,3196.340021
Aug-19,Nov-23,35,52,2559.970011
Aug-19,Dec-23,36,56,3526.950011
Aug-19,Jan-24,41,62,3713.089993
Aug-19,Feb-24,33,52,3451.099991
Aug-19,Mar-24,10,13,944.8100014
Sep-19,Sep-19,13,21,1361.360003
Sep-19,Oct-19,36,51,2904.979996
Sep-19,Nov-19,29,43,2983.079977
Sep-19,Dec-19,39,56,5526.78001
Sep-19,Jan-20,42,60,3883.809999
Sep-19,Feb-20,32,50,3180.77999
Sep-19,Mar-20,34,47,2661.860002
Sep-19,Apr-20,44,67,4211.030009
Sep-19,May-20,38,63,4151.35
Sep-19,Jun-20,30,41,3652.11999
Sep-19,Jul-20,34,49,2554.459997
Sep-19,Aug-20,40,62,4352.950003
Sep-19,Sep-20,41,66,3625.160002
Sep-19,Oct-20,36,59,2867.570011
Sep-19,Nov-20,20,34,2933.409989
Sep-19,Dec-20,36,57,3620.059998
Sep-19,Jan-21,39,54,3405.889981
Sep-19,Feb-21,39,57,2866.989999
Sep-19,Mar-21,42,57,3167.510002
Sep-19,Apr-21,30,35,1802.609995
Sep-19,May-21,38,47,2745.240009
Sep-19,Jun-21,32,43,2140.93
Sep-19,Jul-21,34,51,2926.089995
Sep-19,Aug-21,35,46,2463.160009
Sep-19,Sep-21,39,62,3626.670008
Sep-19,Oct-21,35,59,2519.299996
Sep-19,Nov-21,35,54,2727.380006
Sep-19,Dec-21,30,45,2401.309999
Sep-19,Jan-22,43,71,4723.499988
Sep-19,Feb-22,28,32,1559.380003
Sep-19,Mar-22,42,63,3886.440017
Sep-19,Apr-22,29,42,2274.950005
Sep-19,May-22,39,73,4900.400001
Sep-19,Jun-22,39,60,2782.719994
Sep-19,Jul-22,48,74,3933.309992
Sep-19,Aug-22,32,43,2255.81001
Sep-19,Sep-22,39,52,3124.970004
Sep-19,Oct-22,34,47,2175.610004
Sep-19,Nov-22,30,43,1981.129997
Sep-19,Dec-22,36,51,2923.410005
Sep-19,Jan-23,35,50,3417.020004
Sep-19,Feb-23,44,73,4004.420028
Sep-19,Mar-23,40,63,3793.200019
Sep-19,Apr-23,39,73,4155.069983
Sep-19,May-23,30,43,2125.9
Sep-19,Jun-23,33,51,3314.400016
Sep-19,Jul-23,37,56,3516.599997
Sep-19,Aug-23,46,55,3039.890018
Sep-19,Sep-23,33,41,2760.359993
Sep-19,Oct-23,34,49,3124.689979
Sep-19,Nov-23,33,50,3097.450006
Sep-19,Dec-23,31,43,2930.319986
Sep-19,Jan-24,42,58,3578.459999
Sep-19,Feb-24,37,60,3878.529999
Sep-19,Mar-24,12,20,914.1400013
Oct-19,Oct-19,22,28,1708.050003
Oct-19,Nov-19,34,45,3564.639997
Oct-19,Dec-19,32,51,2707.340019
Oct-19,Jan-20,36,51,2987.490004
Oct-19,Feb-20,36,50,3611.989992
Oct-19,Mar-20,40,64,4121.260021
Oct-19,Apr-20,29,41,2202.390007
Oct-19,May-20,32,47,2859.370005
Oct-19,Jun-20,36,54,3286.780014
Oct-19,Jul-20,23,33,1599.099999
Oct-19,Aug-20,45,66,4694.490007
Oct-19,Sep-20,48,62,4037.330015
Oct-19,Oct-20,48,63,3670.780006
Oct-19,Nov-20,43,54,3404.700006
Oct-19,Dec-20,31,55,3333.769988
Oct-19,Jan-21,34,56,3963.68
Oct-19,Feb-21,42,57,2688.300016
Oct-19,Mar-21,29,40,2514.680026
Oct-19,Apr-21,37,52,2799.490003
Oct-19,May-21,33,64,3375.78999
Oct-19,Jun-21,34,49,3116.070001
Oct-19,Jul-21,30,40,2762.799998
Oct-19,Aug-21,45,69,3721.74
Oct-19,Sep-21,37,53,3345.33
Oct-19,Oct-21,38,55,3645.12001
Oct-19,Nov-21,33,51,3630.30002
Oct-19,Dec-21,38,56,2994.639996
Oct-19,Jan-22,28,37,1795.770006
Oct-19,Feb-22,40,58,3392.460003
Oct-19,Mar-22,35,58,4890.419993
Oct-19,Apr-22,32,46,2790.320018
Oct-19,May-22,34,50,2139.950008
Oct-19,Jun-22,45,71,3811.560009
Oct-19,Jul-22,36,58,3777.560001
Oct-19,Aug-22,36,48,3635.410004
Oct-19,Sep-22,36,61,3577.819981
Oct-19,Oct-22,34,49,2588.479999
Oct-19,Nov-22,34,44,2520.16
Oct-19,Dec-22,37,50,4255.939998
Oct-19,Jan-23,41,60,3460.760017
Oct-19,Feb-23,35,51,2835.199998
Oct-19,Mar-23,34,45,3061.059988
Oct-19,Apr-23,38,59,4407.000008
Oct-19,May-23,29,41,2693.089989
Oct-19,Jun-23,43,52,2900.830015
Oct-19,Jul-23,43,65,3313.070001
Oct-19,Aug-23,27,41,3246.229998
Oct-19,Sep-23,38,56,3014.799994
Oct-19,Oct-23,48,75,4459.630001
Oct-19,Nov-23,33,44,3019.379993
Oct-19,Dec-23,39,57,2594.71
Oct-19,Jan-24,38,55,3062.249998
Oct-19,Feb-24,21,32,2479.889992
Oct-19,Mar-24,15,20,950.9100046
Nov-19,Nov-19,22,31,2181.319992
Nov-19,Dec-19,35,48,2703.120002
Nov-19,Jan-20,42,57,3558.299998
Nov-19,Feb-20,32,39,1724.150008
Nov-19,Mar-20,38,57,3435.950003
Nov-19,Apr-20,47,65,4849.210001
Nov-19,May-20,40,58,3301.070003
Nov-19,Jun-20,34,62,4908.780018
Nov-19,Jul-20,49,74,3806.890009
Nov-19,Aug-20,50,68,4129.510002
Nov-19,Sep-20,37,47,4504.429998
Nov-19,Oct-20,41,63,3380.020014
Nov-19,Nov-20,38,60,4183.859992
Nov-19,Dec-20,46,73,5369.359977
Nov-19,Jan-21,31,43,3021.740018
Nov-19,Feb-21,37,53,2740.569999
Nov-19,Mar-21,54,87,4485.859994
Nov-19,Apr-21,41,62,3180.210011
Nov-19,May-21,36,46,3116.74001
Nov-19,Jun-21,39,66,4298.469999
Nov-19,Jul-21,44,60,3513.690003
Nov-19,Aug-21,42,70,3739.870019
Nov-19,Sep-21,33,47,2694.339993
Nov-19,Oct-21,44,65,3636.059996
Nov-19,Nov-21,36,53,3331.540004
Nov-19,Dec-21,33,48,2887.459992
Nov-19,Jan-22,32,44,2584.389986
Nov-19,Feb-22,35,52,3079.200007
Nov-19,Mar-22,42,56,3819.760001
Nov-19,Apr-22,41,57,2858.73
Nov-19,May-22,40,50,2167.57001
Nov-19,Jun-22,43,62,3571.610001
Nov-19,Jul-22,39,55,2815.610003
Nov-19,Aug-22,37,56,3542.619995
Nov-19,Sep-22,40,60,3780.889991
Nov-19,Oct-22,36,64,3744.500019
Nov-19,Nov-22,32,47,2902.899994
Nov-19,Dec-22,44,63,2850.83
Nov-19,Jan-23,36,49,3349.890029
Nov-19,Feb-23,36,47,3546.480007
Nov-19,Mar-23,37,57,3489.139999
Nov-19,Apr-23,46,74,4747.870011
Nov-19,May-23,35,52,2839.230008
Nov-19,Jun-23,28,36,2335.249999
Nov-19,Jul-23,35,51,2654.930004
Nov-19,Aug-23,34,49,3273.72999
Nov-19,Sep-23,39,54,3247.969998
Nov-19,Oct-23,28,35,1786.700013
Nov-19,Nov-23,43,61,3654.589989
Nov-19,Dec-23,41,55,3878.71
Nov-19,Jan-24,42,60,2952.029998
Nov-19,Feb-24,31,47,3200.380013
Nov-19,Mar-24,15,22,1412.030003
Dec-19,Dec-19,20,29,1537.799998
Dec-19,Jan-20,47,76,4748.349987
Dec-19,Feb-20,40,70,3446.55
Dec-19,Mar-20,43,61,4071.739996
Dec-19,Apr-20,29,45,2209.640007
Dec-19,May-20,34,47,2999.909988
Dec-19,Jun-20,47,74,5494.18001
Dec-19,Jul-20,35,44,1642.190002
Dec-19,Aug-20,33,39,2466.580025
Dec-19,Sep-20,45,68,4066.289997
Dec-19,Oct-20,37,51,3659.370003
Dec-19,Nov-20,47,69,4327.650005
Dec-19,Dec-20,43,64,3269.420003
Dec-19,Jan-21,52,77,4063.219988
Dec-19,Feb-21,40,67,3693.719996
Dec-19,Mar-21,41,66,4717.639984
Dec-19,Apr-21,48,78,4785.279982
Dec-19,May-21,36,46,1961.210003
Dec-19,Jun-21,42,54,2964.250012
Dec-19,Jul-21,41,60,3512.410005
Dec-19,Aug-21,41,73,3698.340002
Dec-19,Sep-21,42,66,4903.419994
Dec-19,Oct-21,46,64,4393.180004
Dec-19,Nov-21,34,50,2996.88
Dec-19,Dec-21,27,46,2420.660019
Dec-19,Jan-22,46,67,3772.080023
Dec-19,Feb-22,32,52,2887.650008
Dec-19,Mar-22,25,33,1242.040006
Dec-19,Apr-22,36,46,2417.510007
Dec-19,May-22,34,46,1983.930022
Dec-19,Jun-22,44,58,4163.749999
Dec-19,Jul-22,49,65,4259.060003
Dec-19,Aug-22,47,70,3683.370005
Dec-19,Sep-22,50,61,3154.250008
Dec-19,Oct-22,35,57,3254.930009
Dec-19,Nov-22,32,49,2649.129991
Dec-19,Dec-22,38,51,3556.140003
Dec-19,Jan-23,52,77,5462.979998
Dec-19,Feb-23,27,33,1707.790009
Dec-19,Mar-23,36,47,3213.130009
Dec-19,Apr-23,37,51,2547.16001
Dec-19,May-23,49,75,3745.689996
Dec-19,Jun-23,38,59,3148.689995
Dec-19,Jul-23,45,64,5485.649985
Dec-19,Aug-23,35,53,3683.090007
Dec-19,Sep-23,27,38,2154.709995
Dec-19,Oct-23,38,64,4140.250003
Dec-19,Nov-23,36,55,3216.019994
Dec-19,Dec-23,38,58,3300.41001
Dec-19,Jan-24,34,54,3635.079985
Dec-19,Feb-24,37,49,2450.060008
Dec-19,Mar-24,20,26,1370.829995
Jan-20,Jan-20,16,22,1366.549996
Jan-20,Feb-20,31,51,2723.84002
Jan-20,Mar-20,32,58,3540.460011
Jan-20,Apr-20,35,53,3181.999996
Jan-20,May-20,48,68,4222.140006
Jan-20,Jun-20,33,44,2275.620008
Jan-20,Jul-20,31,42,1963.730001
Jan-20,Aug-20,36,45,3436.540007
Jan-20,Sep-20,39,57,3065.299995
Jan-20,Oct-20,39,53,2981.729999
Jan-20,Nov-20,37,48,2616.290007
Jan-20,Dec-20,41,54,2792.11001
Jan-20,Jan-21,48,79,4867.440019
Jan-20,Feb-21,42,57,3186.260009
Jan-20,Mar-21,31,46,2920.180006
Jan-20,Apr-21,30,46,2220.009993
Jan-20,May-21,42,60,3516.579997
Jan-20,Jun-21,34,47,3648.11
Jan-20,Jul-21,35,51,3267.270009
Jan-20,Aug-21,36,48,2932.819989
Jan-20,Sep-21,41,63,4068.010021
Jan-20,Oct-21,32,52,2740.299985
Jan-20,Nov-21,35,49,2670.640005
Jan-20,Dec-21,40,50,2187.939989
Jan-20,Jan-22,39,48,2432.609986
Jan-20,Feb-22,38,59,2818.209992
Jan-20,Mar-22,32,41,2528.379996
Jan-20,Apr-22,29,48,3660.909986
Jan-20,May-22,30,37,2225.710011
Jan-20,Jun-22,33,52,2710.58
Jan-20,Jul-22,35,51,3219.090004
Jan-20,Aug-22,38,52,3742.630003
Jan-20,Sep-22,38,51,2811.180007
Jan-20,Oct-22,45,64,2818.880013
Jan-20,Nov-22,47,81,5060.990007
Jan-20,Dec-22,38,55,3296.540002
Jan-20,Jan-23,45,62,3321.600004
Jan-20,Feb-23,42,54,3363.930005
Jan-20,Mar-23,47,61,3343.03001
Jan-20,Apr-23,51,75,3774.52003
Jan-20,May-23,39,57,3085.73001
Jan-20,Jun-23,41,59,2976.810009
Jan-20,Jul-23,34,50,3543.009995
Jan-20,Aug-23,35,59,4497.369997
Jan-20,Sep-23,38,47,3135.039993
Jan-20,Oct-23,40,62,3580.309999
Jan-20,Nov-23,33,53,3884.969991
Jan-20,Dec-23,46,66,3874.169995
Jan-20,Jan-24,43,58,2778.81
Jan-20,Feb-24,37,60,3946.260004
Jan-20,Mar-24,19,36,1702.950005
Feb-20,Feb-20,27,35,2039.620016
Feb-20,Mar-20,42,71,3771.110028
Feb-20,Apr-20,40,66,4680.769998
Feb-20,May-20,32,44,1736.730001
Feb-20,Jun-20,30,47,3454.249998
Feb-20,Jul-20,35,63,4249.499997
Feb-20,Aug-20,33,53,3085.060013
Feb-20,Sep-20,30,50,2591.060008
Feb-20,Oct-20,38,63,3510.110014
Feb-20,Nov-20,41,60,2921.739992
Feb-20,Dec-20,45,63,4333.490002
Feb-20,Jan-21,37,46,2338.949996
Feb-20,Feb-21,31,53,3791.52
Feb-20,Mar-21,31,45,4315.279982
Feb-20,Apr-21,32,49,2802.170007
Feb-20,May-21,39,61,3635.22
Feb-20,Jun-21,33,49,2619.94
Feb-20,Jul-21,37,49,2537.810008
Feb-20,Aug-21,28,46,2906.909986
Feb-20,Sep-21,43,69,3761.140015
Feb-20,Oct-21,39,48,2685.000007
Feb-20,Nov-21,38,59,2333.250003
Feb-20,Dec-21,33,46,2804.289999
Feb-20,Jan-22,40,54,3321.530007
Feb-20,Feb-22,39,66,2754.590009
Feb-20,Mar-22,45,72,3401.789991
Feb-20,Apr-22,39,50,2422.410018
Feb-20,May-22,46,68,4464.820017
Feb-20,Jun-22,27,37,2690.700006
Feb-20,Jul-22,35,50,2651.280002
Feb-20,Aug-22,47,73,4484.179999
Feb-20,Sep-22,37,55,3018.190016
Feb-20,Oct-22,31,43,2660.879998
Feb-20,Nov-22,31,47,2563.899995
Feb-20,Dec-22,31,46,2844.8
Feb-20,Jan-23,36,51,2789.740014
Feb-20,Feb-23,33,50,2741.649985
Feb-20,Mar-23,33,54,2807.039989
Feb-20,Apr-23,39,71,3871.990002
Feb-20,May-23,43,62,3434.540023
Feb-20,Jun-23,38,57,2651.800007
Feb-20,Jul-23,47,66,4015.179986
Feb-20,Aug-23,44,64,3367.50002
Feb-20,Sep-23,41,58,3220.189992
Feb-20,Oct-23,49,67,4070.940006
Feb-20,Nov-23,48,72,3731.479995
Feb-20,Dec-23,30,49,2650.329989
Feb-20,Jan-24,41,57,4393.839979
Feb-20,Feb-24,42,52,3833.430004
Feb-20,Mar-24,21,28,1890.440008
Mar-20,Mar-20,25,35,2212.110005
Mar-20,Apr-20,38,47,2000.670006
Mar-20,May-20,37,58,3923.230022
Mar-20,Jun-20,42,65,3631.629997
Mar-20,Jul-20,40,63,3833.320002
Mar-20,Aug-20,55,77,4719.07001
Mar-20,Sep-20,31,51,2649.690002
Mar-20,Oct-20,45,68,3420.009998
Mar-20,Nov-20,35,51,2722.160008
Mar-20,Dec-20,33,46,2562.130005
Mar-20,Jan-21,45,63,4331.350013
Mar-20,Feb-21,26,34,2282.999992
Mar-20,Mar-21,55,75,4841.960012
Mar-20,Apr-21,40,53,3632.120017
Mar-20,May-21,45,70,3504.700006
Mar-20,Jun-21,42,57,3160.040005
Mar-20,Jul-21,44,65,4274.490012
Mar-20,Aug-21,42,60,3528.399995
Mar-20,Sep-21,52,86,4792.059993
Mar-20,Oct-21,38,59,3130.870001
Mar-20,Nov-21,35,53,3415.310015
Mar-20,Dec-21,36,55,3333.120008
Mar-20,Jan-22,43,56,3433.850021
Mar-20,Feb-22,50,76,3069.009995
Mar-20,Mar-22,42,59,3349.629998
Mar-20,Apr-22,41,61,3689.290031
Mar-20,May-22,40,52,2529.659994
Mar-20,Jun-22,47,69,4104.139996
Mar-20,Jul-22,38,54,4059.039998
Mar-20,Aug-22,47,64,3818.650042
Mar-20,Sep-22,37,57,3064.010002
Mar-20,Oct-22,47,64,3571.699994
Mar-20,Nov-22,42,60,3333.469993
Mar-20,Dec-22,37,51,2847.629998
Mar-20,Jan-23,52,85,5795.919981
Mar-20,Feb-23,45,68,4994.660018
Mar-20,Mar-23,39,54,2940.950016
Mar-20,Apr-23,32,48,3494.11
Mar-20,May-23,44,61,3153.230016
Mar-20,Jun-23,48,77,3627.31001
Mar-20,Jul-23,37,66,3212.160024
Mar-20,Aug-23,29,41,3178.519992
Mar-20,Sep-23,39,55,3406.510011
Mar-20,Oct-23,44,62,3372.460001
Mar-20,Nov-23,48,61,3202.840006
Mar-20,Dec-23,31,55,2859.459995
Mar-20,Jan-24,34,59,3482.029993
Mar-20,Feb-24,44,62,3181.379995
Mar-20,Mar-24,19,31,2203.240003
Apr-20,Apr-20,21,27,1529.350006
Apr-20,May-20,28,39,2807.850003
Apr-20,Jun-20,40,59,3401.800011
Apr-20,Jul-20,34,56,2734.760009
Apr-20,Aug-20,33,44,2048.390003
Apr-20,Sep-20,39,66,3606.569994
Apr-20,Oct-20,40,51,3277.379992
Apr-20,Nov-20,42,55,3021.840001
Apr-20,Dec-20,35,58,3243.030007
Apr-20,Jan-21,37,53,3811.370008
Apr-20,Feb-21,40,60,3218.159996
Apr-20,Mar-21,41,59,3690.830002
Apr-20,Apr-21,49,66,2958.109998
Apr-20,May-21,41,64,4481.560027
Apr-20,Jun-21,37,52,3293.400017
Apr-20,Jul-21,46,68,3936.859996
Apr-20,Aug-21,54,82,7540.619997
Apr-20,Sep-21,37,50,2079.459994
Apr-20,Oct-21,39,52,2796.830009
Apr-20,Nov-21,40,59,3803.840001
Apr-20,Dec-21,46,63,4355.130006
Apr-20,Jan-22,51,74,4383.629999
Apr-20,Feb-22,35,53,3592.100004
Apr-20,Mar-22,36,51,3783.040008
Apr-20,Apr-22,40,65,3518.770003
Apr-20,May-22,46,59,2963.510013
Apr-20,Jun-22,45,57,3721.58001
Apr-20,Jul-22,44,64,3472.910013
Apr-20,Aug-22,39,54,3081.650019
Apr-20,Sep-22,42,55,3167.429989
Apr-20,Oct-22,49,80,5116.460015
Apr-20,Nov-22,45,62,4602.369998
Apr-20,Dec-22,40,62,3558.460011
Apr-20,Jan-23,43,67,3838.119987
Apr-20,Feb-23,45,63,3700.660008
Apr-20,Mar-23,36,53,3073.680009
Apr-20,Apr-23,49,72,4086.739992
Apr-20,May-23,40,65,4306.800008
Apr-20,Jun-23,27,34,2826.060003
Apr-20,Jul-23,39,66,4381.099998
Apr-20,Aug-23,43,70,3337.440013
Apr-20,Sep-23,58,81,4660.130005
Apr-20,Oct-23,37,56,3498.910005
Apr-20,Nov-23,46,64,3423.280001
Apr-20,Dec-23,41,68,3794.990006
Apr-20,Jan-24,47,63,3052.970016
Apr-20,Feb-24,39,57,2899.399986
Apr-20,Mar-24,13,24,987.8699999
May-20,May-20,26,36,1729.40001
May-20,Jun-20,43,62,3405.329989
May-20,Jul-20,39,60,4080.389992
May-20,Aug-20,44,58,3998.590006
May-20,Sep-20,38,55,3306.120002
May-20,Oct-20,44,61,5275.760015
May-20,Nov-20,41,55,3039.170008
May-20,Dec-20,40,55,3518.999995
May-20,Jan-21,43,61,3531.139999
May-20,Feb-21,39,54,2352.030011
May-20,Mar-21,38,63,3077.20999
May-20,Apr-21,40,57,4223.859993
May-20,May-21,42,58,3800.790004
May-20,Jun-21,44,72,5392.339986
May-20,Jul-21,45,73,3846.190014
May-20,Aug-21,45,59,3010.899993
May-20,Sep-21,45,75,4952.410007
May-20,Oct-21,38,63,3156.610006
May-20,Nov-21,45,74,4848.949998
May-20,Dec-21,46,63,4470.54
May-20,Jan-22,35,50,2379.709999
May-20,Feb-22,33,54,2633.780007
May-20,Mar-22,39,58,3195.509991
May-20,Apr-22,37,48,2922.850001
May-20,May-22,42,74,4533.790002
May-20,Jun-22,43,64,3219.72001
May-20,Jul-22,33,51,2424.190014
May-20,Aug-22,37,59,3504.189987
May-20,Sep-22,32,49,2643.42
May-20,Oct-22,52,67,3334.450002
May-20,Nov-22,41,59,3434.480011
May-20,Dec-22,51,69,5105.790014
May-20,Jan-23,39,69,4025.369988
May-20,Feb-23,44,57,3206.260006
May-20,Mar-23,39,59,3250.180006
May-20,Apr-23,39,54,3443.11001
May-20,May-23,45,68,3863.780017
May-20,Jun-23,34,44,2454.839998
May-20,Jul-23,38,51,3589.320008
May-20,Aug-23,39,61,4104.030006
May-20,Sep-23,55,68,4142.550028
May-20,Oct-23,38,46,2601.459993
May-20,Nov-23,45,71,4490.749974
May-20,Dec-23,51,74,4259.799997
May-20,Jan-24,43,54,2580.450005
May-20,Feb-24,41,62,4158.880012
May-20,Mar-24,16,26,1776.86
Jun-20,Jun-20,21,26,1458.769992
Jun-20,Jul-20,37,55,2865.990014
Jun-20,Aug-20,42,50,2865.360004
Jun-20,Sep-20,33,54,2638.140005
Jun-20,Oct-20,40,61,4163.110006
Jun-20,Nov-20,33,47,2907.980012
Jun-20,Dec-20,50,71,4994.890018
Jun-20,Jan-21,43,66,3918.850015
Jun-20,Feb-21,36,45,2764.100002
Jun-20,Mar-21,41,60,3142.760005
Jun-20,Apr-21,39,57,3359.350004
Jun-20,May-21,33,47,2665.710008
Jun-20,Jun-21,43,60,4346.460005
Jun-20,Jul-21,37,59,4128.76999
Jun-20,Aug-21,39,57,3126.380016
Jun-20,Sep-21,37,57,3180.710001
Jun-20,Oct-21,33,50,3592.639978
Jun-20,Nov-21,46,73,3820.680001
Jun-20,Dec-21,49,77,4140.960011
Jun-20,Jan-22,52,70,4312.840015
Jun-20,Feb-22,35,53,2950.540003
Jun-20,Mar-22,43,64,4933.509999
Jun-20,Apr-22,49,73,4279.399991
Jun-20,May-22,47,77,4995.639987
Jun-20,Jun-22,49,69,3387.060008
Jun-20,Jul-22,46,60,3759.549998
Jun-20,Aug-22,32,46,3737.78999
Jun-20,Sep-22,38,58,3171.960016
Jun-20,Oct-22,38,57,3054.980001
Jun-20,Nov-22,44,64,3680.15001
Jun-20,Dec-22,44,70,3797.380009
Jun-20,Jan-23,40,56,4542.360003
Jun-20,Feb-23,40,47,3232.580016
Jun-20,Mar-23,37,47,2372.369998
Jun-20,Apr-23,31,45,2025.460014
Jun-20,May-23,47,69,4141.520025
Jun-20,Jun-23,37,63,3965.030006
Jun-20,Jul-23,44,57,3043.799987
Jun-20,Aug-23,45,67,2986.03001
Jun-20,Sep-23,43,76,4768.410004
Jun-20,Oct-23,46,68,4253.119988
Jun-20,Nov-23,52,77,4956.329973
Jun-20,Dec-23,45,67,4901.760002
Jun-20,Jan-24,34,52,4609.169997
Jun-20,Feb-24,42,55,3701.209996
Jun-20,Mar-24,14,16,682.5000019
Jul-20,Jul-20,27,41,2735.929994
Jul-20,Aug-20,40,62,3807.650019
Jul-20,Sep-20,43,61,3940.099995
Jul-20,Oct-20,51,72,4719.730006
Jul-20,Nov-20,43,59,3047.220005
Jul-20,Dec-20,51,80,4104.590002
Jul-20,Jan-21,57,90,5430.539996
Jul-20,Feb-21,44,70,5463.940004
Jul-20,Mar-21,59,97,5007.480004
Jul-20,Apr-21,45,64,3501.209993
Jul-20,May-21,46,72,3774.570008
Jul-20,Jun-21,43,73,4356.360014
Jul-20,Jul-21,44,57,3192.960009
Jul-20,Aug-21,69,97,5981.190016
Jul-20,Sep-21,38,63,3253.620005
Jul-20,Oct-21,49,73,3873.970006
Jul-20,Nov-21,45,66,3478.649987
Jul-20,Dec-21,42,60,4778.750006
Jul-20,Jan-22,51,72,4310.540006
Jul-20,Feb-22,47,65,4147.62
Jul-20,Mar-22,44,66,4507.760009
Jul-20,Apr-22,44,71,4130.420007
Jul-20,May-22,34,51,3459.790013
Jul-20,Jun-22,43,71,3862.11001
Jul-20,Jul-22,51,64,4656.190007
Jul-20,Aug-22,48,84,4956.039979
Jul-20,Sep-22,45,69,3575.650004
Jul-20,Oct-22,37,59,4528.839997
Jul-20,Nov-22,47,65,3419.759996
Jul-20,Dec-22,53,76,6553.680008
Jul-20,Jan-23,52,72,4168.240012
Jul-20,Feb-23,35,53,3974.449988
Jul-20,Mar-23,48,73,4715.559973
Jul-20,Apr-23,38,59,3577.180005
Jul-20,May-23,42,63,3892.400004
Jul-20,Jun-23,46,72,4167.610003
Jul-20,Jul-23,37,56,2787.109988
Jul-20,Aug-23,37,53,3824.010014
Jul-20,Sep-23,44,76,4706.089988
Jul-20,Oct-23,53,86,4967.12001
Jul-20,Nov-23,40,61,3557.600014
Jul-20,Dec-23,38,55,2314.490016
Jul-20,Jan-24,48,88,5483.86
Jul-20,Feb-24,37,52,2935.650002
Jul-20,Mar-24,21,35,2010.620003
Aug-20,Aug-20,22,38,1947.649999
Aug-20,Sep-20,44,73,3597.830012
Aug-20,Oct-20,46,66,3683.579991
Aug-20,Nov-20,49,86,4480.250026
Aug-20,Dec-20,54,77,4123.230015
Aug-20,Jan-21,35,50,3316.490034
Aug-20,Feb-21,46,70,4231.190002
Aug-20,Mar-21,40,60,3522.340008
Aug-20,Apr-21,42,64,3906.370006
Aug-20,May-21,51,78,5339.579993
Aug-20,Jun-21,47,69,3034.47001
Aug-20,Jul-21,44,72,4598.580023
Aug-20,Aug-21,39,66,4592.040007
Aug-20,Sep-21,33,53,2393.850016
Aug-20,Oct-21,46,63,4225.330008
Aug-20,Nov-21,42,60,4597.220011
Aug-20,Dec-21,61,86,4895.250003
Aug-20,Jan-22,63,88,6153.199999
Aug-20,Feb-22,51,82,5140.850004
Aug-20,Mar-22,47,64,3734.570005
Aug-20,Apr-22,54,73,4596.089991
Aug-20,May-22,46,63,4354.290006
Aug-20,Jun-22,44,69,4913.949994
Aug-20,Jul-22,45,65,3766.350008
Aug-20,Aug-22,42,53,2608.829995
Aug-20,Sep-22,52,74,4207.51999
Aug-20,Oct-22,48,65,3538.960004
Aug-20,Nov-22,46,77,4631.180016
Aug-20,Dec-22,48,73,3946.260028
Aug-20,Jan-23,43,66,5085.800003
Aug-20,Feb-23,44,55,3464.430013
Aug-20,Mar-23,58,78,6273.130042
Aug-20,Apr-23,58,87,4297.940011
Aug-20,May-23,42,67,3055.419993
Aug-20,Jun-23,52,78,5575.540004
Aug-20,Jul-23,39,60,3516.939985
Aug-20,Aug-23,50,78,4464.08003
Aug-20,Sep-23,52,66,4300.170023
Aug-20,Oct-23,54,80,4917.25999
Aug-20,Nov-23,52,71,4835.470016
Aug-20,Dec-23,49,80,5471.720014
Aug-20,Jan-24,46,64,3976.569998
Aug-20,Feb-24,46,71,3969.819986
Aug-20,Mar-24,24,32,2686.229999
Sep-20,Sep-20,20,34,2027.910004
Sep-20,Oct-20,38,52,3543.280001
Sep-20,Nov-20,49,78,4484.540019
Sep-20,Dec-20,57,77,4015.470022
Sep-20,Jan-21,37,57,3588.790014
Sep-20,Feb-21,43,59,2927.160004
Sep-20,Mar-21,36,60,3255.010011
Sep-20,Apr-21,39,54,3909.559996
Sep-20,May-21,48,78,4413.920007
Sep-20,Jun-21,33,39,2307.969997
Sep-20,Jul-21,40,68,3674.360007
Sep-20,Aug-21,56,93,6917.990012
Sep-20,Sep-21,38,61,2759.540014
Sep-20,Oct-21,60,82,4466.430025
Sep-20,Nov-21,35,48,3322.279999
Sep-20,Dec-21,41,66,3231.119997
Sep-20,Jan-22,39,54,3881.399988
Sep-20,Feb-22,49,74,4790.600004
Sep-20,Mar-22,44,58,3798.460015
Sep-20,Apr-22,50,70,3548.900014
Sep-20,May-22,46,70,4022.160012
Sep-20,Jun-22,49,75,4187.790003
Sep-20,Jul-22,42,68,3356.860001
Sep-20,Aug-22,53,73,3764.189996
Sep-20,Sep-22,52,85,5232.410023
Sep-20,Oct-22,51,66,4671.64002
Sep-20,Nov-22,40,53,3026.32001
Sep-20,Dec-22,41,54,3309.100011
Sep-20,Jan-23,45,67,3141.599989
Sep-20,Feb-23,44,67,4067.580004
Sep-20,Mar-23,43,73,3210.44002
Sep-20,Apr-23,48,68,4002.330023
Sep-20,May-23,53,83,4971.309981
Sep-20,Jun-23,41,55,3263.400018
Sep-20,Jul-23,39,57,3687.080002
Sep-20,Aug-23,40,57,2906.070003
Sep-20,Sep-23,58,80,3571.210001
Sep-20,Oct-23,60,92,5226.799994
Sep-20,Nov-23,40,66,3878.240021
Sep-20,Dec-23,45,71,4376.779997
Sep-20,Jan-24,45,65,3592.859996
Sep-20,Feb-24,38,55,3267.329991
Sep-20,Mar-24,16,25,1744.639996
Oct-20,Oct-20,23,30,1580.089993
Oct-20,Nov-20,51,80,5753.530041
Oct-20,Dec-20,53,75,3971.480005
Oct-20,Jan-21,52,69,3681.619998
Oct-20,Feb-21,43,57,2841.339996
Oct-20,Mar-21,46,71,4299.25001
Oct-20,Apr-21,53,78,4812.380008
Oct-20,May-21,44,63,3567.380005
Oct-20,Jun-21,41,51,3153.370006
Oct-20,Jul-21,47,68,4757.270014
Oct-20,Aug-21,46,69,3327.780011
Oct-20,Sep-21,57,83,4648.850005
Oct-20,Oct-21,54,83,5687.239991
Oct-20,Nov-21,55,76,4821.319993
Oct-20,Dec-21,47,73,4272.390024
Oct-20,Jan-22,42,66,3325.060017
Oct-20,Feb-22,50,78,4379.970003
Oct-20,Mar-22,39,60,4382.490001
Oct-20,Apr-22,59,81,4627.590001
Oct-20,May-22,45,65,3343.560016
Oct-20,Jun-22,43,63,3968.480003
Oct-20,Jul-22,43,62,3407.309987
Oct-20,Aug-22,48,77,3414.140001
Oct-20,Sep-22,34,45,2655.559995
Oct-20,Oct-22,59,84,5162.670007
Oct-20,Nov-22,50,71,3907.32998
Oct-20,Dec-22,60,87,5916.07002
Oct-20,Jan-23,56,85,4390.09002
Oct-20,Feb-23,39,48,2771.48
Oct-20,Mar-23,67,107,5910.45
Oct-20,Apr-23,56,71,3607.520019
Oct-20,May-23,51,68,4479.280009
Oct-20,Jun-23,42,67,3252.720013
Oct-20,Jul-23,48,67,5399.439994
Oct-20,Aug-23,46,74,4768.889983
Oct-20,Sep-23,51,74,4444.200012
Oct-20,Oct-23,50,76,4858.740013
Oct-20,Nov-23,44,60,3627.590002
Oct-20,Dec-23,54,82,3839.349999
Oct-20,Jan-24,60,88,5368.649994
Oct-20,Feb-24,62,90,4928.899998
Oct-20,Mar-24,19,25,1277.199995
Nov-20,Nov-20,22,33,2079.470001
Nov-20,Dec-20,46,66,3890.190001
Nov-20,Jan-21,42,53,2912.339994
Nov-20,Feb-21,33,54,3807.460002
Nov-20,Mar-21,49,72,5233.050006
Nov-20,Apr-21,51,77,3782.250011
Nov-20,May-21,40,65,4280.500007
Nov-20,Jun-21,46,67,3359.100006
Nov-20,Jul-21,53,70,4066.770014
Nov-20,Aug-21,39,59,2922.689999
Nov-20,Sep-21,46,67,3021.309995
Nov-20,Oct-21,45,69,4219.750009
Nov-20,Nov-21,46,61,3615.990008
Nov-20,Dec-21,55,97,4698.190009
Nov-20,Jan-22,39,48,2975.27001
Nov-20,Feb-22,51,70,4727.990007
Nov-20,Mar-22,40,64,3043.979997
Nov-20,Apr-22,44,63,2978.270006
Nov-20,May-22,41,60,3613.679998
Nov-20,Jun-22,36,46,3040.929979
Nov-20,Jul-22,52,80,4421.589999
Nov-20,Aug-22,47,73,5798.180029
Nov-20,Sep-22,50,73,3838.970002
Nov-20,Oct-22,50,82,4806.89001
Nov-20,Nov-22,42,58,3190.26999
Nov-20,Dec-22,49,77,3747.420034
Nov-20,Jan-23,37,50,4471.230006
Nov-20,Feb-23,36,56,3931.260003
Nov-20,Mar-23,49,75,4673.810007
Nov-20,Apr-23,41,70,3609.670016
Nov-20,May-23,53,83,5573.06999
Nov-20,Jun-23,41,61,3614.959997
Nov-20,Jul-23,48,70,3654.700013
Nov-20,Aug-23,44,79,3659.060017
Nov-20,Sep-23,41,53,2888.819997
Nov-20,Oct-23,40,66,4318.469995
Nov-20,Nov-23,39,64,5610.669994
Nov-20,Dec-23,48,66,3755.320002
Nov-20,Jan-24,51,78,5173.550006
Nov-20,Feb-24,38,50,4015.309993
Nov-20,Mar-24,17,35,1626.009998
Dec-20,Dec-20,28,36,2035.989999
Dec-20,Jan-21,45,58,2471.020007
Dec-20,Feb-21,46,68,3891.69002
Dec-20,Mar-21,46,59,3223.810003
Dec-20,Apr-21,47,75,4488.570007
Dec-20,May-21,60,94,5107.170009
Dec-20,Jun-21,40,50,3358.789994
Dec-20,Jul-21,43,70,3455.150002
Dec-20,Aug-21,55,84,4217.999991
Dec-20,Sep-21,47,71,4520.840026
Dec-20,Oct-21,46,73,3797.730012
Dec-20,Nov-21,51,73,4595.110014
Dec-20,Dec-21,60,83,4679.98002
Dec-20,Jan-22,57,97,6322.450036
Dec-20,Feb-22,51,72,4663.500015
Dec-20,Mar-22,53,79,4888.070011
Dec-20,Apr-22,57,87,4602.939999
Dec-20,May-22,39,60,3978.450007
Dec-20,Jun-22,49,84,5014.820004
Dec-20,Jul-22,62,77,4615.659998
Dec-20,Aug-22,40,58,3701.290001
Dec-20,Sep-22,45,67,3781.950013
Dec-20,Oct-22,54,81,4667.900004
Dec-20,Nov-22,57,76,4985.58999
Dec-20,Dec-22,48,65,4373.88
Dec-20,Jan-23,48,71,5370.869983
Dec-20,Feb-23,58,85,5563.709989
Dec-20,Mar-23,57,93,4785.099988
Dec-20,Apr-23,34,47,3240.269987
Dec-20,May-23,40,56,3346.03
Dec-20,Jun-23,47,59,3006.090014
Dec-20,Jul-23,65,107,7549.6
Dec-20,Aug-23,54,75,3979.710014
Dec-20,Sep-23,48,72,4583.149993
Dec-20,Oct-23,47,68,4013.650007
Dec-20,Nov-23,50,78,3352.420006
Dec-20,Dec-23,47,67,4332.269991
Dec-20,Jan-24,57,91,5505.590009
Dec-20,Feb-24,40,51,2610.760017
Dec-20,Mar-24,20,28,1291.409994
Jan-21,Jan-21,27,37,1922.530018
Jan-21,Feb-21,51,74,3300.030003
Jan-21,Mar-21,45,57,3388.780004
Jan-21,Apr-21,40,59,3987.320008
Jan-21,May-21,60,95,5413.990017
Jan-21,Jun-21,65,99,6971.169982
Jan-21,Jul-21,60,84,5275.41999
Jan-21,Aug-21,46,81,4189.799996
Jan-21,Sep-21,53,74,4281.89001
Jan-21,Oct-21,54,70,3531.49999
Jan-21,Nov-21,47,73,4047.430005
Jan-21,Dec-21,47,66,4293.55999
Jan-21,Jan-22,61,95,5491.660013
Jan-21,Feb-22,47,73,3567.050004
Jan-21,Mar-22,65,98,7597.510011
Jan-21,Apr-22,41,66,3607.379991
Jan-21,May-22,59,82,4643.870002
Jan-21,Jun-22,56,82,4521.810012
Jan-21,Jul-22,52,75,4231.040006
Jan-21,Aug-22,64,95,5039.720009
Jan-21,Sep-22,45,65,4328.330013
Jan-21,Oct-22,52,76,4151.430007
Jan-21,Nov-22,50,80,4242.910025
Jan-21,Dec-22,61,83,3675.510001
Jan-21,Jan-23,56,77,3600.25001
Jan-21,Feb-23,55,87,6344.829981
Jan-21,Mar-23,45,58,3460.170013
Jan-21,Apr-23,52,78,4491.030004
Jan-21,May-23,51,76,5058.880005
Jan-21,Jun-23,45,65,3367.290026
Jan-21,Jul-23,50,77,4440.520014
Jan-21,Aug-23,46,61,3909.30002
Jan-21,Sep-23,39,50,2574.329998
Jan-21,Oct-23,57,80,5401.740011
Jan-21,Nov-23,61,105,5434.470011
Jan-21,Dec-23,46,73,4902.820031
Jan-21,Jan-24,41,53,4299.540032
Jan-21,Feb-24,55,87,4156.080009
Jan-21,Mar-24,18,26,1521.400001
Feb-21,Feb-21,25,38,1837.739996
Feb-21,Mar-21,51,76,3860.919991
Feb-21,Apr-21,52,79,4805.140027
Feb-21,May-21,53,87,5653.280005
Feb-21,Jun-21,49,74,4537.37001
Feb-21,Jul-21,53,75,4311.670007
Feb-21,Aug-21,37,53,3380.259978
Feb-21,Sep-21,39,49,2639.02001
Feb-21,Oct-21,52,75,4278.570013
Feb-21,Nov-21,39,56,4502.369985
Feb-21,Dec-21,47,67,3388.650007
Feb-21,Jan-22,53,86,5737.880009
Feb-21,Feb-22,51,84,5569.299996
Feb-21,Mar-22,50,80,4205.699985
Feb-21,Apr-22,44,63,3758.159997
Feb-21,May-22,53,89,4770.930011
Feb-21,Jun-22,48,65,3351.52
Feb-21,Jul-22,46,70,4742.299989
Feb-21,Aug-22,53,85,4417.480007
Feb-21,Sep-22,56,84,4917.929985
Feb-21,Oct-22,47,61,3898.970006
Feb-21,Nov-22,44,66,3652.870014
Feb-21,Dec-22,53,76,4796.040004
Feb-21,Jan-23,52,72,4172.389984
Feb-21,Feb-23,37,52,3777.249968
Feb-21,Mar-23,54,83,4242.43001
Feb-21,Apr-23,53,71,4611.620005
Feb-21,May-23,55,96,6146.240006
Feb-21,Jun-23,54,87,5188.669989
Feb-21,Jul-23,61,100,7495.579995
Feb-21,Aug-23,64,101,5031.089996
Feb-21,Sep-23,43,56,3570.420009
Feb-21,Oct-23,47,65,3541.300011
Feb-21,Nov-23,39,58,2970.440003
Feb-21,Dec-23,53,81,4611.049994
Feb-21,Jan-24,50,76,5177.36
Feb-21,Feb-24,37,57,3264.830005
Feb-21,Mar-24,28,49,2335.419991
Mar-21,Mar-21,37,52,3295.110006
Mar-21,Apr-21,69,96,6910.640009
Mar-21,May-21,52,78,4750.249988
Mar-21,Jun-21,52,76,5230.230003
Mar-21,Jul-21,60,97,5375.420002
Mar-21,Aug-21,55,85,6631.770011
Mar-21,Sep-21,56,78,3955.949997
Mar-21,Oct-21,47,61,3233.160002
Mar-21,Nov-21,54,81,5164.830005
Mar-21,Dec-21,66,95,5615.640013
Mar-21,Jan-22,61,102,6025.789997
Mar-21,Feb-22,52,73,3761.560015
Mar-21,Mar-22,57,83,4735.110003
Mar-21,Apr-22,46,67,4659.329993
Mar-21,May-22,48,69,3415.89
Mar-21,Jun-22,48,67,3875.799992
Mar-21,Jul-22,54,75,3765.080007
Mar-21,Aug-22,58,87,5561.950006
Mar-21,Sep-22,51,80,4577.090021
Mar-21,Oct-22,46,61,3644.96001
Mar-21,Nov-22,61,95,6411.020005
Mar-21,Dec-22,46,69,3506.170012
Mar-21,Jan-23,58,89,4389.150021
Mar-21,Feb-23,38,65,3791.209992
Mar-21,Mar-23,53,82,4597.180004
Mar-21,Apr-23,44,69,4810.129994
Mar-21,May-23,66,96,6701.409997
Mar-21,Jun-23,59,95,4814.029998
Mar-21,Jul-23,37,58,2813.330006
Mar-21,Aug-23,62,81,5273.040011
Mar-21,Sep-23,52,77,5834.370011
Mar-21,Oct-23,58,81,4362.740017
Mar-21,Nov-23,53,77,3806.05
Mar-21,Dec-23,62,89,4706.639999
Mar-21,Jan-24,59,88,5877.390025
Mar-21,Feb-24,48,68,3731.73002
Mar-21,Mar-24,15,25,1076.750007
Apr-21,Apr-21,26,40,2060.739997
Apr-21,May-21,39,53,2732.010019
Apr-21,Jun-21,77,118,7320.740011
Apr-21,Jul-21,51,74,4794.399979
Apr-21,Aug-21,58,75,4547.300011
Apr-21,Sep-21,48,63,3307.959996
Apr-21,Oct-21,63,102,6338.200017
Apr-21,Nov-21,50,79,5564.779986
Apr-21,Dec-21,64,99,5602.180003
Apr-21,Jan-22,62,86,4097.110022
Apr-21,Feb-22,52,74,4100.280011
Apr-21,Mar-22,54,74,4449.440006
Apr-21,Apr-22,51,78,4831.359991
Apr-21,May-22,59,83,4710.869998
Apr-21,Jun-22,54,83,4582.330005
Apr-21,Jul-22,46,68,3488.880005
Apr-21,Aug-22,59,91,5565.840007
Apr-21,Sep-22,48,69,3663.110013
Apr-21,Oct-22,64,84,4840.440048
Apr-21,Nov-22,60,86,4586.319986
Apr-21,Dec-22,55,82,4389.699986
Apr-21,Jan-23,58,88,4661.490014
Apr-21,Feb-23,58,75,4048.850005
Apr-21,Mar-23,64,87,4338.780004
Apr-21,Apr-23,52,70,3746.350009
Apr-21,May-23,61,96,4759.550004
Apr-21,Jun-23,44,60,3559.49
Apr-21,Jul-23,52,82,4656.229987
Apr-21,Aug-23,57,83,6141.110006
Apr-21,Sep-23,62,99,4436.580009
Apr-21,Oct-23,54,78,5513.890003
Apr-21,Nov-23,51,70,3826.380022
Apr-21,Dec-23,56,74,4029.830013
Apr-21,Jan-24,56,86,4930.670006
Apr-21,Feb-24,51,84,4745.890012
Apr-21,Mar-24,25,33,1747.150005
May-21,May-21,31,43,2345.670013
May-21,Jun-21,60,106,7690.510011
May-21,Jul-21,58,78,3935.259995
May-21,Aug-21,69,119,7610.409984
May-21,Sep-21,58,86,5664.890031
May-21,Oct-21,49,61,3241.910009
May-21,Nov-21,64,97,5382.36001
May-21,Dec-21,62,90,6101.650017
May-21,Jan-22,61,89,4957.990018
May-21,Feb-22,59,83,5037.640001
May-21,Mar-22,58,104,5983.280005
May-21,Apr-22,45,69,3847.450017
May-21,May-22,62,97,6866.07998
May-21,Jun-22,66,93,5147.620023
May-21,Jul-22,59,102,6332.139992
May-21,Aug-22,70,106,6016.819997
May-21,Sep-22,51,82,4894.820006
May-21,Oct-22,60,87,5766.229986
May-21,Nov-22,64,98,5118.92001
May-21,Dec-22,63,90,5930.620016
May-21,Jan-23,55,78,3879.770002
May-21,Feb-23,42,56,3533.510002
May-21,Mar-23,62,80,5941.880016
May-21,Apr-23,55,77,4492.330009
May-21,May-23,52,70,4559.270023
May-21,Jun-23,60,86,4656.500028
May-21,Jul-23,56,86,4364.66
May-21,Aug-23,63,94,5138.969999
May-21,Sep-23,56,80,5007.589996
May-21,Oct-23,73,103,6360.110007
May-21,Nov-23,52,72,3768.66999
May-21,Dec-23,70,97,6371.69002
May-21,Jan-24,58,94,5679.590015
May-21,Feb-24,58,83,4737.150007
May-21,Mar-24,25,40,2375.319994
Jun-21,Jun-21,26,43,2693.349998
Jun-21,Jul-21,80,122,6721.730026
Jun-21,Aug-21,74,100,4596.010007
Jun-21,Sep-21,55,73,3847.700004
Jun-21,Oct-21,50,66,3386.350005
Jun-21,Nov-21,61,95,5761.859987
Jun-21,Dec-21,58,96,5656.580007
Jun-21,Jan-22,47,62,3718.430006
Jun-21,Feb-22,43,66,3475.020024
Jun-21,Mar-22,53,81,4839.500011
Jun-21,Apr-22,50,72,4081.289994
Jun-21,May-22,46,65,3676.809998
Jun-21,Jun-22,50,72,3946.779998
Jun-21,Jul-22,53,74,4501.300012
Jun-21,Aug-22,70,115,5811.239993
Jun-21,Sep-22,58,78,4757.369989
Jun-21,Oct-22,58,94,5608.920023
Jun-21,Nov-22,62,96,5553.080007
Jun-21,Dec-22,77,114,5859.780004
Jun-21,Jan-23,64,95,4927.210007
Jun-21,Feb-23,52,70,4326.560003
Jun-21,Mar-23,61,110,6690.720012
Jun-21,Apr-23,50,69,3634.950006
Jun-21,May-23,46,68,4450.49001
Jun-21,Jun-23,62,115,6802.019954
Jun-21,Jul-23,66,100,5655.810007
Jun-21,Aug-23,43,67,3603.96002
Jun-21,Sep-23,58,97,5577.260013
Jun-21,Oct-23,51,78,4744.97002
Jun-21,Nov-23,53,78,5125.219987
Jun-21,Dec-23,58,88,5152.720002
Jun-21,Jan-24,53,78,4184.469994
Jun-21,Feb-24,57,83,6463.080003
Jun-21,Mar-24,17,23,1605.480021
Jul-21,Jul-21,32,40,2717.250001
Jul-21,Aug-21,60,88,5043.85
Jul-21,Sep-21,67,100,6276.049989
Jul-21,Oct-21,75,117,6287.430011
Jul-21,Nov-21,54,83,4635.189985
Jul-21,Dec-21,70,112,6104.260018
Jul-21,Jan-22,66,113,6660.690004
Jul-21,Feb-22,57,83,5312.430016
Jul-21,Mar-22,65,89,4482.700032
Jul-21,Apr-22,54,77,4446.170011
Jul-21,May-22,49,68,3641.020028
Jul-21,Jun-22,54,77,3636.630007
Jul-21,Jul-22,81,113,6530.819997
Jul-21,Aug-22,69,107,5807.069986
Jul-21,Sep-22,67,95,4955.440003
Jul-21,Oct-22,61,89,5779.309977
Jul-21,Nov-22,71,103,7038.130003
Jul-21,Dec-22,63,93,5511.440003
Jul-21,Jan-23,63,95,5692.569973
Jul-21,Feb-23,62,84,4318.560003
Jul-21,Mar-23,72,100,5422.790008
Jul-21,Apr-23,64,104,5995.450006
Jul-21,May-23,60,89,4824.649973
Jul-21,Jun-23,60,84,4982.759994
Jul-21,Jul-23,50,78,4286.460009
Jul-21,Aug-23,66,91,6121.959996
Jul-21,Sep-23,67,98,6872.34003
Jul-21,Oct-23,60,77,5709.690009
Jul-21,Nov-23,64,95,5989.450001
Jul-21,Dec-23,75,109,6664.18
Jul-21,Jan-24,66,107,7547.290003
Jul-21,Feb-24,48,68,4097.990007
Jul-21,Mar-24,27,36,1998.659993
Aug-21,Aug-21,35,51,3739.150013
Aug-21,Sep-21,67,103,6340.91999
Aug-21,Oct-21,65,103,6348.300006
Aug-21,Nov-21,56,87,4837.040008
Aug-21,Dec-21,59,88,5673.689994
Aug-21,Jan-22,69,92,5403.200023
Aug-21,Feb-22,53,77,4495.74
Aug-21,Mar-22,80,119,6140.060015
Aug-21,Apr-22,70,102,4496.889992
Aug-21,May-22,66,102,5509.230011
Aug-21,Jun-22,61,87,4496.439994
Aug-21,Jul-22,62,95,5384.56998
Aug-21,Aug-22,67,104,7132.339998
Aug-21,Sep-22,72,113,7284.910029
Aug-21,Oct-22,62,84,4045.940015
Aug-21,Nov-22,67,99,6824.239989
Aug-21,Dec-22,65,92,7675.550027
Aug-21,Jan-23,71,111,6317.950011
Aug-21,Feb-23,54,82,5269.73998
Aug-21,Mar-23,60,86,4913.410003
Aug-21,Apr-23,71,113,6112.420004
Aug-21,May-23,84,135,8447.999997
Aug-21,Jun-23,61,91,5084.469992
Aug-21,Jul-23,79,117,6986.020006
Aug-21,Aug-23,76,97,6392.439991
Aug-21,Sep-23,71,99,5463.880009
Aug-21,Oct-23,79,119,6748.699979
Aug-21,Nov-23,66,94,5839.750009
Aug-21,Dec-23,50,72,5004.650013
Aug-21,Jan-24,58,81,4325.470021
Aug-21,Feb-24,76,111,6733.780019
Aug-21,Mar-24,25,35,1708.800002
Sep-21,Sep-21,32,53,3189.27001
Sep-21,Oct-21,56,75,5138.350009
Sep-21,Nov-21,57,82,4965.660005
Sep-21,Dec-21,57,79,4574.160016
Sep-21,Jan-22,64,83,5497.099991
Sep-21,Feb-22,56,93,5206.940011
Sep-21,Mar-22,53,79,4851.510009
Sep-21,Apr-22,66,103,7766.290009
Sep-21,May-22,59,89,4556.039996
Sep-21,Jun-22,58,95,5831.390017
Sep-21,Jul-22,62,95,5783.930007
Sep-21,Aug-22,69,113,6153.439994
Sep-21,Sep-22,69,103,7386.959981
Sep-21,Oct-22,71,89,5484.200006
Sep-21,Nov-22,59,84,4046.050002
Sep-21,Dec-22,57,81,4622.920009
Sep-21,Jan-23,65,106,6953.660025
Sep-21,Feb-23,53,81,5158.499998
Sep-21,Mar-23,67,110,5906.450011
Sep-21,Apr-23,68,99,5123.05002
Sep-21,May-23,51,76,3945.810002
Sep-21,Jun-23,59,76,4114.399997
Sep-21,Jul-23,65,101,5557.019999
Sep-21,Aug-23,68,106,6439.040002
Sep-21,Sep-23,54,87,5381.560022
Sep-21,Oct-23,67,89,5009.080003
Sep-21,Nov-23,63,84,5940.259999
Sep-21,Dec-23,61,77,4377.230006
Sep-21,Jan-24,69,107,5359.669994
Sep-21,Feb-24,67,91,5964.670011
Sep-21,Mar-24,16,28,2020.439996
Oct-21,Oct-21,27,34,2456.209999
Oct-21,Nov-21,58,86,4493.510008
Oct-21,Dec-21,59,87,5006.390005
Oct-21,Jan-22,77,115,6522.469988
Oct-21,Feb-22,60,90,5258.590026
Oct-21,Mar-22,78,121,7017.750019
Oct-21,Apr-22,60,87,5448.110005
Oct-21,May-22,59,90,6492.370003
Oct-21,Jun-22,45,65,3255.220014
Oct-21,Jul-22,68,97,5510.599994
Oct-21,Aug-22,65,97,5233.669998
Oct-21,Sep-22,67,102,5322.269982
Oct-21,Oct-22,57,84,5845.720001
Oct-21,Nov-22,69,109,6410.009997
Oct-21,Dec-22,66,93,5386.689996
Oct-21,Jan-23,69,108,5351.220013
Oct-21,Feb-23,56,79,4339.72
Oct-21,Mar-23,72,105,7200.139995
Oct-21,Apr-23,63,103,5077.740015
Oct-21,May-23,63,101,5353.240002
Oct-21,Jun-23,52,80,4673.070006
Oct-21,Jul-23,67,109,8079.420014
Oct-21,Aug-23,66,96,5088.639999
Oct-21,Sep-23,81,121,7793.119997
Oct-21,Oct-23,65,99,5578.680004
Oct-21,Nov-23,72,112,6441.379979
Oct-21,Dec-23,59,87,5294.219992
Oct-21,Jan-24,69,94,8452.560005
Oct-21,Feb-24,66,96,6115.140008
Oct-21,Mar-24,28,41,2358.580013
Nov-21,Nov-21,42,68,3722.400001
Nov-21,Dec-21,72,105,5235.680036
Nov-21,Jan-22,65,91,4487.850011
Nov-21,Feb-22,55,77,5280.799981
Nov-21,Mar-22,60,105,8140.79001
Nov-21,Apr-22,66,104,6124.279996
Nov-21,May-22,61,90,4638.929995
Nov-21,Jun-22,72,110,7450.429997
Nov-21,Jul-22,68,110,5720.350004
Nov-21,Aug-22,71,98,6172.010004
Nov-21,Sep-22,75,118,7870.529995
Nov-21,Oct-22,60,91,5675.120012
Nov-21,Nov-22,77,117,6293.510014
Nov-21,Dec-22,60,94,7492.100008
Nov-21,Jan-23,82,124,7775.860024
Nov-21,Feb-23,58,80,5116.990013
Nov-21,Mar-23,56,96,5574.770015
Nov-21,Apr-23,72,108,6409.379996
Nov-21,May-23,73,104,5592.380026
Nov-21,Jun-23,58,78,4976.780016
Nov-21,Jul-23,68,103,6086.73002
Nov-21,Aug-23,56,75,4719.960012
Nov-21,Sep-23,76,127,7634.870008
Nov-21,Oct-23,64,98,5775.529996
Nov-21,Nov-23,56,82,5758.610002
Nov-21,Dec-23,66,88,5003.940005
Nov-21,Jan-24,60,89,6755.980018
Nov-21,Feb-24,66,93,4685.430017
Nov-21,Mar-24,20,28,1518.329992
Dec-21,Dec-21,39,62,3249.730006
Dec-21,Jan-22,79,114,6142.320003
Dec-21,Feb-22,73,99,5375.960016
Dec-21,Mar-22,73,112,5265.83001
Dec-21,Apr-22,77,113,6938.83003
Dec-21,May-22,71,114,7376.650002
Dec-21,Jun-22,62,90,6853.429996
Dec-21,Jul-22,79,124,7254.089994
Dec-21,Aug-22,72,103,6773.240012
Dec-21,Sep-22,80,127,7221.510014
Dec-21,Oct-22,78,119,6732.240001
Dec-21,Nov-22,78,120,6413.849993
Dec-21,Dec-22,63,96,5183.130005
Dec-21,Jan-23,73,109,6604.35
Dec-21,Feb-23,68,100,5444.240005
Dec-21,Mar-23,72,92,4676.879993
Dec-21,Apr-23,75,116,8146.560021
Dec-21,May-23,74,108,6472.359999
Dec-21,Jun-23,72,110,5727.169997
Dec-21,Jul-23,82,116,7058.700024
Dec-21,Aug-23,50,84,5148.109996
Dec-21,Sep-23,74,98,5664.99998
Dec-21,Oct-23,63,93,5510.99001
Dec-21,Nov-23,73,107,8158.299991
Dec-21,Dec-23,73,111,7009.259976
Dec-21,Jan-24,73,104,5503.280035
Dec-21,Feb-24,72,100,5921.269995
Dec-21,Mar-24,34,41,2199.970012
Jan-22,Jan-22,46,60,3921.120001
Jan-22,Feb-22,58,94,5709.830013
Jan-22,Mar-22,82,115,6434.599995
Jan-22,Apr-22,84,123,6448.210014
Jan-22,May-22,88,110,6670.649987
Jan-22,Jun-22,77,115,6337.47999
Jan-22,Jul-22,81,117,6359.470021
Jan-22,Aug-22,78,121,6874.190001
Jan-22,Sep-22,73,103,5311.100035
Jan-22,Oct-22,64,86,5344.529996
Jan-22,Nov-22,56,89,5175.009998
Jan-22,Dec-22,76,110,5845.290016
Jan-22,Jan-23,78,108,6187.650001
Jan-22,Feb-23,79,116,7251.800009
Jan-22,Mar-23,85,120,8293.790015
Jan-22,Apr-23,58,106,5708.270015
Jan-22,May-23,91,129,7977.910006
Jan-22,Jun-23,75,113,7098.520006
Jan-22,Jul-23,88,123,6356.310012
Jan-22,Aug-23,57,87,4961.330018
Jan-22,Sep-23,89,139,8102.649992
Jan-22,Oct-23,68,101,5926.939998
Jan-22,Nov-23,77,118,5562.840001
Jan-22,Dec-23,71,103,4850.360003
Jan-22,Jan-24,72,98,5743.759992
Jan-22,Feb-24,70,103,5599.68
Jan-22,Mar-24,33,43,2582.309992
Feb-22,Feb-22,30,46,2352.490008
Feb-22,Mar-22,66,91,5302.259999
Feb-22,Apr-22,79,110,6371.970013
Feb-22,May-22,84,129,7721.520005
Feb-22,Jun-22,91,137,8095.900039
Feb-22,Jul-22,74,105,7236.020008
Feb-22,Aug-22,70,111,7149.909998
Feb-22,Sep-22,72,109,7891.890022
Feb-22,Oct-22,63,108,5921.270025
Feb-22,Nov-22,81,111,8914.259996
Feb-22,Dec-22,73,110,5970.100006
Feb-22,Jan-23,69,105,6082.799994
Feb-22,Feb-23,77,106,6474.920019
Feb-22,Mar-23,68,100,5868.450016
Feb-22,Apr-23,79,117,6975.080028
Feb-22,May-23,67,90,4822.019991
Feb-22,Jun-23,60,87,4649.959985
Feb-22,Jul-23,75,118,5807.070004
Feb-22,Aug-23,86,129,8103.170015
Feb-22,Sep-23,60,90,5537.700011
Feb-22,Oct-23,73,121,6763.830003
Feb-22,Nov-23,72,98,5448.840007
Feb-22,Dec-23,73,123,7398.59003
Feb-22,Jan-24,73,105,5705.450003
Feb-22,Feb-24,68,95,5529.090028
Feb-22,Mar-24,30,49,2600.219995
Mar-22,Mar-22,39,50,2814.740015
Mar-22,Apr-22,72,98,5244.009991
Mar-22,May-22,81,130,7839.679989
Mar-22,Jun-22,75,105,6160.620004
Mar-22,Jul-22,75,119,5939.180023
Mar-22,Aug-22,102,147,10099.72002
Mar-22,Sep-22,85,135,7393.020018
Mar-22,Oct-22,96,143,8946.080021
Mar-22,Nov-22,86,137,8840.029998
Mar-22,Dec-22,82,122,6773.799998
Mar-22,Jan-23,73,122,6114.069995
Mar-22,Feb-23,61,110,7236.680017
Mar-22,Mar-23,67,97,5880.920018
Mar-22,Apr-23,73,100,5202.840036
Mar-22,May-23,97,138,7755.920022
Mar-22,Jun-23,94,136,8253.340028
Mar-22,Jul-23,71,95,5115.630002
Mar-22,Aug-23,70,98,6648.310015
Mar-22,Sep-23,71,104,6545.760002
Mar-22,Oct-23,76,124,6664.789987
Mar-22,Nov-23,66,112,6250.29001
Mar-22,Dec-23,69,96,5921.809984
Mar-22,Jan-24,79,116,5904.440009
Mar-22,Feb-24,73,112,7127.430017
Mar-22,Mar-24,23,34,1874.629997
Apr-22,Apr-22,47,74,3650.920006
Apr-22,May-22,76,117,6098.350022
Apr-22,Jun-22,88,133,8924.28001
Apr-22,Jul-22,82,114,5539.290003
Apr-22,Aug-22,93,132,7921.51998
Apr-22,Sep-22,85,131,7793.440026
Apr-22,Oct-22,83,129,7246.840014
Apr-22,Nov-22,98,145,8900.860009
Apr-22,Dec-22,78,125,6942.429996
Apr-22,Jan-23,87,120,6881.670012
Apr-22,Feb-23,86,130,8587.560016
Apr-22,Mar-23,86,123,7420.740007
Apr-22,Apr-23,65,99,5890.899998
Apr-22,May-23,97,139,7943.900023
Apr-22,Jun-23,81,103,7204.980009
Apr-22,Jul-23,77,123,6601.419985
Apr-22,Aug-23,92,134,8680.450021
Apr-22,Sep-23,85,123,6374.770006
Apr-22,Oct-23,84,126,9107.950007
Apr-22,Nov-23,75,112,5558.34002
Apr-22,Dec-23,92,136,8150.020021
Apr-22,Jan-24,87,131,7420.280004
Apr-22,Feb-24,92,131,7791.830035
Apr-22,Mar-24,35,50,3416.179982
May-22,May-22,44,76,4712.180003
May-22,Jun-22,84,115,6533.910012
May-22,Jul-22,84,120,6928.379986
May-22,Aug-22,77,110,6498.769998
May-22,Sep-22,90,143,9296.300003
May-22,Oct-22,92,134,7695.440018
May-22,Nov-22,77,122,7491.450004
May-22,Dec-22,84,127,8993.459975
May-22,Jan-23,82,127,6730.429999
May-22,Feb-23,86,130,8042.570016
May-22,Mar-23,86,131,6827.210021
May-22,Apr-23,71,92,5232.400015
May-22,May-23,76,105,6400.370005
May-22,Jun-23,103,166,8116.810014
May-22,Jul-23,91,139,8392.999992
May-22,Aug-23,113,149,8641.370006
May-22,Sep-23,90,134,7427.98001
May-22,Oct-23,88,133,9129.849994
May-22,Nov-23,65,100,5747.140002
May-22,Dec-23,100,137,8314.490017
May-22,Jan-24,92,124,7320.080028
May-22,Feb-24,77,115,6930.530015
May-22,Mar-24,29,42,2832.100008
Jun-22,Jun-22,41,56,3784.209991
Jun-22,Jul-22,81,134,8776.389994
Jun-22,Aug-22,82,115,6325.960017
Jun-22,Sep-22,98,133,8771.690007
Jun-22,Oct-22,99,166,8979.429974
Jun-22,Nov-22,96,138,8846.66003
Jun-22,Dec-22,77,108,6972.140007
Jun-22,Jan-23,87,133,7985.55
Jun-22,Feb-23,93,142,9212.82001
Jun-22,Mar-23,98,145,7744.179981
Jun-22,Apr-23,83,139,7644.840018
Jun-22,May-23,92,138,8503.519995
Jun-22,Jun-23,66,90,6037.450017
Jun-22,Jul-23,89,138,8763.630012
Jun-22,Aug-23,81,129,8347.249993
Jun-22,Sep-23,96,133,8443.550012
Jun-22,Oct-23,90,141,7766.040024
Jun-22,Nov-23,72,114,7009.949983
Jun-22,Dec-23,85,126,7686.370045
Jun-22,Jan-24,88,128,7013.350009
Jun-22,Feb-24,82,117,7351.670033
Jun-22,Mar-24,26,40,2483.570002
Jul-22,Jul-22,55,75,4637.970005
Jul-22,Aug-22,92,135,7458.93003
Jul-22,Sep-22,97,146,8388.060006
Jul-22,Oct-22,113,160,9190.13002
Jul-22,Nov-22,104,156,9049.069998
Jul-22,Dec-22,96,139,7686.470021
Jul-22,Jan-23,101,147,9168.729994
Jul-22,Feb-23,98,142,8370.970001
Jul-22,Mar-23,89,145,8543.329998
Jul-22,Apr-23,92,135,9436.809997
Jul-22,May-23,95,156,7474.200015
Jul-22,Jun-23,87,143,9802.329986
Jul-22,Jul-23,99,147,8769.09
Jul-22,Aug-23,120,184,10266.82998
Jul-22,Sep-23,89,129,8036.270012
Jul-22,Oct-23,100,147,7655.26001
Jul-22,Nov-23,105,158,10075.86003
Jul-22,Dec-23,111,156,8352.230014
Jul-22,Jan-24,101,157,9108.060011
Jul-22,Feb-24,97,140,8750.740031
Jul-22,Mar-24,39,54,3046.339984
Aug-22,Aug-22,51,64,3659.350002
Aug-22,Sep-22,127,175,10162.27002
Aug-22,Oct-22,96,148,9117.940016
Aug-22,Nov-22,94,139,8014.820005
Aug-22,Dec-22,83,118,6130.61999
Aug-22,Jan-23,109,162,8068.130014
Aug-22,Feb-23,92,143,8080.340009
Aug-22,Mar-23,115,159,9457.150022
Aug-22,Apr-23,93,132,7638.940028
Aug-22,May-23,94,148,8542.460042
Aug-22,Jun-23,98,144,8489.060007
Aug-22,Jul-23,99,151,8744.440035
Aug-22,Aug-23,90,142,9408.25
Aug-22,Sep-23,104,163,10031.35
Aug-22,Oct-23,104,170,10190.49004
Aug-22,Nov-23,86,139,9280.560027
Aug-22,Dec-23,111,155,9011.669991
Aug-22,Jan-24,96,143,8900.620027
Aug-22,Feb-24,105,158,10226.10002
Aug-22,Mar-24,41,56,3743.020017
Sep-22,Sep-22,60,83,4345.600009
Sep-22,Oct-22,123,168,10908.40001
Sep-22,Nov-22,102,158,8725.480021
Sep-22,Dec-22,121,178,10877.07
Sep-22,Jan-23,96,150,9595.800009
Sep-22,Feb-23,90,135,8673.950036
Sep-22,Mar-23,99,134,8668.930033
Sep-22,Apr-23,116,186,10260.15001
Sep-22,May-23,106,163,9905.350019
Sep-22,Jun-23,96,143,8479.619982
Sep-22,Jul-23,112,168,10569.45003
Sep-22,Aug-23,101,146,8670.569995
Sep-22,Sep-23,93,135,6960.570012
Sep-22,Oct-23,98,152,9310.850015
Sep-22,Nov-23,88,125,6515.220024
Sep-22,Dec-23,112,159,9145.999997
Sep-22,Jan-24,112,166,9070.630004
Sep-22,Feb-24,95,160,10816.27002
Sep-22,Mar-24,53,80,4188.48
Oct-22,Oct-22,58,87,4597.14
Oct-22,Nov-22,114,151,9596.709996
Oct-22,Dec-22,113,165,9934.410029
Oct-22,Jan-23,119,176,9128.230019
Oct-22,Feb-23,102,161,9972.550038
Oct-22,Mar-23,125,176,11128.05999
Oct-22,Apr-23,105,156,8463.200031
Oct-22,May-23,136,186,10562.53001
Oct-22,Jun-23,111,168,8760.900016
Oct-22,Jul-23,120,189,9872.840024
Oct-22,Aug-23,114,157,9404.340012
Oct-22,Sep-23,116,170,10528.56004
Oct-22,Oct-23,128,189,11462.23003
Oct-22,Nov-23,117,172,9293.170033
Oct-22,Dec-23,112,165,10162.65
Oct-22,Jan-24,115,162,9341.000019
Oct-22,Feb-24,106,158,8013.710014
Oct-22,Mar-24,40,56,3042.879988
Nov-22,Nov-22,51,65,3945.17001
Nov-22,Dec-22,124,181,11796.72003
Nov-22,Jan-23,104,149,8990.56003
Nov-22,Feb-23,91,145,10541.84
Nov-22,Mar-23,111,161,8972.98003
Nov-22,Apr-23,114,158,9273.510003
Nov-22,May-23,118,189,12945.06001
Nov-22,Jun-23,108,145,9142.719994
Nov-22,Jul-23,102,140,7950.280011
Nov-22,Aug-23,118,173,9260.219997
Nov-22,Sep-23,117,163,9277.189998
Nov-22,Oct-23,121,199,11868.95003
Nov-22,Nov-23,101,143,8399.620028
Nov-22,Dec-23,96,151,9064.260003
Nov-22,Jan-24,112,172,9940.580025
Nov-22,Feb-24,110,154,9152.969992
Nov-22,Mar-24,54,80,4020.120002
Dec-22,Dec-22,69,95,5493.54
Dec-22,Jan-23,134,209,10583.38001
Dec-22,Feb-23,125,174,9658.629984
Dec-22,Mar-23,147,203,13338.86003
Dec-22,Apr-23,126,192,11219.32999
Dec-22,May-23,125,183,9756.570029
Dec-22,Jun-23,144,222,14468.54002
Dec-22,Jul-23,122,178,11150.04001
Dec-22,Aug-23,134,204,11815.03999
Dec-22,Sep-23,118,193,11972.61
Dec-22,Oct-23,139,210,12831.28002
Dec-22,Nov-23,123,179,11183.30004
Dec-22,Dec-23,128,197,12331.94003
Dec-22,Jan-24,134,215,12054.55
Dec-22,Feb-24,129,204,12787.76002
Dec-22,Mar-24,54,68,5628.639997
Jan-23,Jan-23,82,119,7526.410033
Jan-23,Feb-23,115,175,10394.71001
Jan-23,Mar-23,121,176,9317.670017
Jan-23,Apr-23,143,209,12206.90001
Jan-23,May-23,135,203,10298.29002
Jan-23,Jun-23,118,168,10880.37999
Jan-23,Jul-23,148,217,10817.62
Jan-23,Aug-23,133,204,10950.48002
Jan-23,Sep-23,153,223,13940.81001
Jan-23,Oct-23,140,202,11263.87998
Jan-23,Nov-23,117,184,12564.85001
Jan-23,Dec-23,131,196,11524.04999
Jan-23,Jan-24,162,263,14943.35001
Jan-23,Feb-24,122,175,9957.340011
Jan-23,Mar-24,72,111,6572.270003
Feb-23,Feb-23,61,92,5703.350019
Feb-23,Mar-23,132,195,10580.30002
Feb-23,Apr-23,132,198,12386.99002
Feb-23,May-23,146,230,13657.42
Feb-23,Jun-23,144,214,12709.47003
Feb-23,Jul-23,128,196,12223.51997
Feb-23,Aug-23,143,207,12906.88
Feb-23,Sep-23,136,205,14716.08004
Feb-23,Oct-23,128,194,11450.92001
Feb-23,Nov-23,148,223,13528.26
Feb-23,Dec-23,139,206,12356.24002
Feb-23,Jan-24,154,224,14696.85001
Feb-23,Feb-24,113,176,9326.740024
Feb-23,Mar-24,71,90,4063.590003
Mar-23,Mar-23,73,100,5363.689991
Mar-23,Apr-23,158,228,12468.20001
Mar-23,May-23,189,270,16239.64003
Mar-23,Jun-23,174,234,14705.39001
Mar-23,Jul-23,177,264,18716.49001
Mar-23,Aug-23,151,262,15697.20002
Mar-23,Sep-23,150,218,12279.98003
Mar-23,Oct-23,170,273,16123.37002
Mar-23,Nov-23,166,267,14966.21001
Mar-23,Dec-23,169,255,17376.26
Mar-23,Jan-24,164,269,15485.42999
Mar-23,Feb-24,164,245,12609.11998
Mar-23,Mar-24,59,91,5070.07002
Apr-23,Apr-23,78,122,7977.760022
Apr-23,May-23,163,258,15927.68001
Apr-23,Jun-23,156,248,13215.93999
Apr-23,Jul-23,169,259,17102.22002
Apr-23,Aug-23,155,222,13996.27
Apr-23,Sep-23,178,269,18021.16001
Apr-23,Oct-23,177,289,17115.03003
Apr-23,Nov-23,160,224,13103.92
Apr-23,Dec-23,183,305,17230.66001
Apr-23,Jan-24,171,255,15567.38004
Apr-23,Feb-24,174,278,16282.77003
Apr-23,Mar-24,58,76,6465.170015
May-23,May-23,84,112,7587.730006
May-23,Jun-23,181,271,16052.73005
May-23,Jul-23,188,291,17643.20994
May-23,Aug-23,190,279,13970.39
May-23,Sep-23,181,281,18436.91003
May-23,Oct-23,167,263,15711.67003
May-23,Nov-23,172,248,14886.26002
May-23,Dec-23,206,305,18742.32005
May-23,Jan-24,182,283,18096.35006
May-23,Feb-24,160,247,15402.46005
May-23,Mar-24,78,123,7727.190014
Jun-23,Jun-23,98,151,9129.860029
Jun-23,Jul-23,208,300,16172.14004
Jun-23,Aug-23,212,315,18137.52002
Jun-23,Sep-23,189,281,15020.42001
Jun-23,Oct-23,233,356,19826.99002
Jun-23,Nov-23,206,332,18329.93005
Jun-23,Dec-23,226,361,21896.82005
Jun-23,Jan-24,203,300,19239.09001
Jun-23,Feb-24,187,273,16132.00001
Jun-23,Mar-24,75,110,5781.739991
Jul-23,Jul-23,102,146,7377.770032
Jul-23,Aug-23,244,391,21368.65001
Jul-23,Sep-23,247,387,21731.85004
Jul-23,Oct-23,239,372,22530.90007
Jul-23,Nov-23,232,356,19820.55004
Jul-23,Dec-23,218,314,20326.98005
Jul-23,Jan-24,275,444,30068.03008
Jul-23,Feb-24,217,343,20644.32002
Jul-23,Mar-24,101,136,7980.210017
Aug-23,Aug-23,132,207,11640.55002
Aug-23,Sep-23,259,400,23741.92003
Aug-23,Oct-23,282,435,24535.96998
Aug-23,Nov-23,290,456,28978.53
Aug-23,Dec-23,251,390,22968.76003
Aug-23,Jan-24,281,422,26455.43998
Aug-23,Feb-24,250,404,23843.07002
Aug-23,Mar-24,101,155,9462.390027
Sep-23,Sep-23,128,197,11755.99003
Sep-23,Oct-23,297,455,26311.32
Sep-23,Nov-23,303,511,31138.30003
Sep-23,Dec-23,318,523,31344.71007
Sep-23,Jan-24,313,511,29736.09002
Sep-23,Feb-24,255,419,24011.87
Sep-23,Mar-24,114,157,10844.13
Oct-23,Oct-23,193,290,16724.73004
Oct-23,Nov-23,370,614,35881.22008
Oct-23,Dec-23,390,627,35748.68002
Oct-23,Jan-24,385,603,38291.66
Oct-23,Feb-24,365,609,37128.14999
Oct-23,Mar-24,157,219,12428.67003
Nov-23,Nov-23,237,385,22395.74001
Nov-23,Dec-23,452,780,45264.78997
Nov-23,Jan-24,486,790,46464.22003
Nov-23,Feb-24,439,728,45320.46004
Nov-23,Mar-24,197,314,19217.64001
Dec-23,Dec-23,281,457,26984.50004
Dec-23,Jan-24,608,1051,59420.19007
Dec-23,Feb-24,534,918,55495.85004
Dec-23,Mar-24,252,382,24649.23005
Jan-24,Jan-24,436,740,44584.26001
Jan-24,Feb-24,866,1654,101941.8102
Jan-24,Mar-24,402,663,41370.30005
Feb-24,Feb-24,718,1299,77126.43005
Feb-24,Mar-24,749,1475,85815.06002
Mar-24,Mar-24,2487,5569,327911.1903
